dataset,window,lam1,lam2,truth_buf,stratified_point,stratified_ucb,ipw_point,ipw_ucb,naive_point,naive_ucb
har,1,0.02,0.05,0.168,0.1258842105263158,0.20454423037482306,0.7087912087912087,1.0,0.3131868131868132,0.37974424152583874
har,1,0.02,0.18,0.168,0.1258842105263158,0.20454423037482306,0.7087912087912087,1.0,0.3131868131868132,0.37974424152583874
har,1,0.02,0.5,0.168,0.1258842105263158,0.20454423037482306,0.7087912087912087,1.0,0.3131868131868132,0.37974424152583874
har,1,0.08,0.05,0.168,0.1258842105263158,0.20454423037482306,0.7087912087912087,1.0,0.3131868131868132,0.37974424152583874
har,1,0.08,0.18,0.168,0.1258842105263158,0.20454423037482306,0.7087912087912087,1.0,0.3131868131868132,0.37974424152583874
har,1,0.08,0.5,0.168,0.1258842105263158,0.20454423037482306,0.7087912087912087,1.0,0.3131868131868132,0.37974424152583874
har,1,0.18,0.05,0.143,0.11188421052631578,0.18723468400527107,0.6318681318681318,1.0,0.23626373626373626,0.2988265739692436
har,1,0.18,0.18,0.138,0.10688421052631579,0.1807994593874262,0.6043956043956044,1.0,0.2087912087912088,0.26935786991328986
har,1,0.18,0.5,0.138,0.10688421052631579,0.1807994593874262,0.6043956043956044,1.0,0.2087912087912088,0.26935786991328986
har,1,0.35,0.05,0.06,0.04383157894736842,0.10030080508666221,0.24725274725274723,0.5779850351941453,0.0989010989010989,0.1470687991970188
har,1,0.35,0.18,0.041,0.028831578947368423,0.07803252374117525,0.16483516483516483,0.44459882673326434,0.016483516483516484,0.044459882673326435
har,1,0.35,0.5,0.038,0.019221052631578948,0.06411304330190898,0.10989010989010989,0.3640244033310439,0.01098901098901099,0.03640244033310439
har,1,0.7,0.05,0.029,0.053442105263157895,0.11300099301883205,0.3021978021978022,0.6565650478824154,0.1043956043956044,0.1534166755257072
har,1,0.7,0.18,0.005,0.009610526315789474,0.04921545892901358,0.054945054945054944,0.2658199477981735,0.005494505494505495,0.026581994779817347
har,1,0.7,0.5,0.002,0.0,0.032434890374424846,0.0,0.12572288513183594,0.0,0.012572288513183594
har,2,0.02,0.05,0.17866666666666667,0.1672929292929293,0.2357697917269668,0.8412162162162162,1.0,0.3547297297297297,0.4072515996726783
har,2,0.02,0.18,0.17866666666666667,0.1672929292929293,0.2357697917269668,0.8412162162162162,1.0,0.3547297297297297,0.4072515996726783
har,2,0.02,0.5,0.17866666666666667,0.1672929292929293,0.2357697917269668,0.8412162162162162,1.0,0.3547297297297297,0.4072515996726783
har,2,0.08,0.05,0.17866666666666667,0.1672929292929293,0.2357697917269668,0.8412162162162162,1.0,0.3547297297297297,0.4072515996726783
har,2,0.08,0.18,0.17866666666666667,0.1672929292929293,0.2357697917269668,0.8412162162162162,1.0,0.3547297297297297,0.4072515996726783
har,2,0.08,0.5,0.17866666666666667,0.1672929292929293,0.2357697917269668,0.8412162162162162,1.0,0.3547297297297297,0.4072515996726783
har,2,0.18,0.05,0.15533333333333332,0.14246464646464646,0.20727711081825512,0.7162162162162162,1.0,0.2905405405405405,0.3411023552353316
har,2,0.18,0.18,0.14866666666666667,0.1357979797979798,0.19930512861576571,0.6824324324324325,1.0,0.25675675675675674,0.30584411363343933
har,2,0.18,0.5,0.14866666666666667,0.1357979797979798,0.19930512861576571,0.6824324324324325,1.0,0.25675675675675674,0.30584411363343933
har,2,0.35,0.05,0.068,0.05040404040404041,0.09593805632743402,0.2533783783783784,0.5004329133678127,0.10135135135135136,0.1379417406546103
har,2,0.35,0.18,0.04533333333333334,0.02698989898989899,0.06460384980739371,0.13513513513513514,0.32267158095901083,0.013513513513513514,0.03226715809590108
har,2,0.35,0.5,0.042,0.020242424242424246,0.05516422293490076,0.10135135135135136,0.2748884703661944,0.010135135135135136,0.02748884703661944
har,2,0.7,0.05,0.03666666666666667,0.05040404040404041,0.09593805632743402,0.2533783783783784,0.5004329133678127,0.10135135135135136,0.1379417406546103
har,2,0.7,0.18,0.006666666666666667,0.006747474747474748,0.034755677357188965,0.033783783783783786,0.16411932739051607,0.0033783783783783786,0.01641193273905161
har,2,0.7,0.5,0.0033333333333333335,0.0,0.02280952291782193,0.0,0.07749557495117188,0.0,0.0077495574951171875
har,3,0.02,0.05,0.168,0.1546111111111111,0.21221380404118728,0.7936507936507936,1.0,0.3412698412698413,0.38717783821953655
har,3,0.02,0.18,0.168,0.1546111111111111,0.21221380404118728,0.7936507936507936,1.0,0.3412698412698413,0.38717783821953655
har,3,0.02,0.5,0.168,0.1546111111111111,0.21221380404118728,0.7936507936507936,1.0,0.3412698412698413,0.38717783821953655
har,3,0.08,0.05,0.168,0.1546111111111111,0.21221380404118728,0.7936507936507936,1.0,0.3412698412698413,0.38717783821953655
har,3,0.08,0.18,0.168,0.1546111111111111,0.21221380404118728,0.7936507936507936,1.0,0.3412698412698413,0.38717783821953655
har,3,0.08,0.5,0.168,0.1546111111111111,0.21221380404118728,0.7936507936507936,1.0,0.3412698412698413,0.38717783821953655
har,3,0.18,0.05,0.146,0.1288830409356725,0.18290429967780747,0.6613756613756613,0.933935074579148,0.2804232804232804,0.32446490898334157
har,3,0.18,0.18,0.1405,0.1233830409356725,0.1764400230919182,0.6322751322751322,0.903450441108179,0.25132275132275134,0.29415241120353586
har,3,0.18,0.5,0.1405,0.1233830409356725,0.1764400230919182,0.6322751322751322,0.903450441108179,0.25132275132275134,0.29415241120353586
har,3,0.35,0.05,0.063,0.04171345029239766,0.07795025271825785,0.2142857142857143,0.41451202120099756,0.09523809523809523,0.12636706942603707
har,3,0.35,0.18,0.039,0.021470760233918126,0.050997510201848985,0.10846560846560845,0.2650395600253312,0.013227513227513227,0.028955441934091074
har,3,0.35,0.5,0.036,0.015728070175438594,0.042891842776782596,0.07936507936507936,0.21567049480619882,0.007936507936507936,0.021567049480619882
har,3,0.7,0.05,0.038,0.04171345029239766,0.07795025271825785,0.2142857142857143,0.41451202120099756,0.09523809523809523,0.12636706942603707
har,3,0.7,0.18,0.007,0.005742690058479531,0.027737785292894557,0.029100529100529102,0.13388009803004997,0.005291005291005291,0.017645941840277776
har,3,0.7,0.5,0.0025,0.0,0.017697975198105318,0.0,0.06072998046875,0.0,0.006072998046875
har,4,0.02,0.05,0.1668,0.1587739534883721,0.20983559384386324,0.8130252100840335,1.0,0.3592436974789916,0.40030534728234557
har,4,0.02,0.18,0.1668,0.1587739534883721,0.20983559384386324,0.8130252100840335,1.0,0.3592436974789916,0.40030534728234557
har,4,0.02,0.5,0.1668,0.1587739534883721,0.20983559384386324,0.8130252100840335,1.0,0.3592436974789916,0.40030534728234557
har,4,0.08,0.05,0.1668,0.1587739534883721,0.20983559384386324,0.8130252100840335,1.0,0.3592436974789916,0.40030534728234557
har,4,0.08,0.18,0.1668,0.1587739534883721,0.20983559384386324,0.8130252100840335,1.0,0.3592436974789916,0.40030534728234557
har,4,0.08,0.5,0.1668,0.1587739534883721,0.20983559384386324,0.8130252100840335,1.0,0.3592436974789916,0.40030534728234557
har,4,0.18,0.05,0.1412,0.1322772093023256,0.1800043048186931,0.6764705882352942,0.9359989166259766,0.27941176470588236,0.3183674391578225
har,4,0.18,0.18,0.1344,0.1254772093023256,0.1721216993639397,0.6407563025210083,0.8883454719511399,0.24369747899159663,0.28126391242532167
har,4,0.18,0.5,0.1344,0.1254772093023256,0.1721216993639397,0.6407563025210083,0.8883454719511399,0.24369747899159663,0.28126391242532167
har,4,0.35,0.05,0.0624,0.05389023255813953,0.08807820878321951,0.27521008403361347,0.46745668339128255,0.10504201680672269,0.1333773116103741
har,4,0.35,0.18,0.0368,0.02955906976744186,0.05730354116748825,0.1491596638655462,0.301153172965811,0.01680672268907563,0.03135149018103335
har,4,0.35,0.5,0.0336,0.020827906976744186,0.045702928581183376,0.10504201680672269,0.23032188415527344,0.01050420168067227,0.023032188415527344
har,4,0.7,0.05,0.0412,0.05389023255813953,0.08807820878321951,0.27521008403361347,0.46745668339128255,0.10504201680672269,0.1333773116103741
har,4,0.7,0.18,0.0068,0.008731162790697673,0.028635830285539347,0.044117647058823525,0.14425792413599348,0.0063025210084033615,0.017151375778582917
har,4,0.7,0.5,0.002,0.0,0.014092834604545744,0.0,0.04826545715332031,0.0,0.004826545715332031
har,5,0.02,0.05,0.16666666666666666,0.17125911458333334,0.21820506637977713,0.8286655683690278,1.0,0.36902800658978585,0.40538163475778194
har,5,0.02,0.18,0.16666666666666666,0.17125911458333334,0.21820506637977713,0.8286655683690278,1.0,0.36902800658978585,0.40538163475778194
har,5,0.02,0.5,0.16666666666666666,0.17125911458333334,0.21820506637977713,0.8286655683690278,1.0,0.36902800658978585,0.40538163475778194
har,5,0.08,0.05,0.16666666666666666,0.17125911458333334,0.21820506637977713,0.8286655683690278,1.0,0.36902800658978585,0.40538163475778194
har,5,0.08,0.18,0.16666666666666666,0.17125911458333334,0.21820506637977713,0.8286655683690278,1.0,0.36902800658978585,0.40538163475778194
har,5,0.08,0.5,0.16666666666666666,0.17125911458333334,0.21820506637977713,0.8286655683690278,1.0,0.36902800658978585,0.40538163475778194
har,5,0.18,0.05,0.14033333333333334,0.144578125,0.18856563046551203,0.698517298187809,0.9214883266995727,0.2833607907742998,0.3177651809114207
har,5,0.18,0.18,0.13433333333333333,0.138578125,0.18173187060898993,0.6688632619439868,0.8846696479709383,0.25370675453047775,0.28711563594258793
har,5,0.18,0.5,0.13433333333333333,0.138578125,0.18173187060898993,0.6688632619439868,0.8846696479709383,0.25370675453047775,0.28711563594258793
har,5,0.35,0.05,0.06666666666666667,0.07007161458333333,0.10333706169305218,0.3377265238879736,0.5078291853727186,0.11532125205930807,0.14096199896622333
har,5,0.35,0.18,0.03966666666666667,0.04205729166666667,0.0697636983992229,0.20098846787479405,0.3483321175740224,0.023064250411861616,0.03698818608995719
har,5,0.35,0.5,0.036,0.03104296875,0.05590354251001155,0.14827018121911037,0.26737492795438306,0.014827018121911038,0.026737492795438307
har,5,0.7,0.05,0.045,0.06662239583333333,0.099307585645358,0.32125205930807244,0.48840488986874725,0.11367380560131796,0.1391771872707411
har,5,0.7,0.18,0.008666666666666666,0.017912760416666666,0.038914386205265536,0.085667215815486,0.1922917530996207,0.011532125205930808,0.022483197232643894
har,5,0.7,0.5,0.0026666666666666666,0.00344921875,0.017838508599211805,0.016474464579901153,0.08030346237258029,0.0016474464579901153,0.00803034623725803
har,6,0.02,0.05,0.16966666666666666,0.18725260416666667,0.235596824956688,0.9016393442622951,1.0,0.38524590163934425,0.4217362560209681
har,6,0.02,0.18,0.16966666666666666,0.18725260416666667,0.235596824956688,0.9016393442622951,1.0,0.38524590163934425,0.4217362560209681
har,6,0.02,0.5,0.16966666666666666,0.18725260416666667,0.235596824956688,0.9016393442622951,1.0,0.38524590163934425,0.4217362560209681
har,6,0.08,0.05,0.16966666666666666,0.18725260416666667,0.235596824956688,0.9016393442622951,1.0,0.38524590163934425,0.4217362560209681
har,6,0.08,0.18,0.16966666666666666,0.18725260416666667,0.235596824956688,0.9016393442622951,1.0,0.38524590163934425,0.4217362560209681
har,6,0.08,0.5,0.16966666666666666,0.18725260416666667,0.235596824956688,0.9016393442622951,1.0,0.38524590163934425,0.4217362560209681
har,6,0.18,0.05,0.13866666666666666,0.15858333333333333,0.20388524943003902,0.7622950819672131,0.9899657593398795,0.2901639344262295,0.3246830924612577
har,6,0.18,0.18,0.13366666666666666,0.15358333333333332,0.19819797596291877,0.7377049180327868,0.9535444759931718,0.26557377049180325,0.29931570584656764
har,6,0.18,0.5,0.13366666666666666,0.15358333333333332,0.19819797596291877,0.7377049180327868,0.9535444759931718,0.26557377049180325,0.29931570584656764
har,6,0.35,0.05,0.06733333333333333,0.079015625,0.11354769121628794,0.37868852459016394,0.5629161740912765,0.11311475409836065,0.13850312311141216
har,6,0.35,0.18,0.04033333333333333,0.05234635416666667,0.08224133084668526,0.24918032786885244,0.40781378198842533,0.027868852459016394,0.04275153269533252
har,6,0.35,0.5,0.037,0.04134375,0.06871418453061146,0.19672131147540983,0.34239953463194794,0.019672131147540985,0.0342399534631948
har,6,0.7,0.05,0.04766666666666667,0.0617890625,0.09354004262493612,0.29672131147540987,0.4666112321322081,0.10491803278688525,0.1296020664152552
har,6,0.7,0.18,0.010666666666666666,0.017893229166666667,0.03887643784113884,0.08524590163934427,0.1913549204341701,0.011475409836065573,0.022373374563748716
har,6,0.7,0.5,0.0036666666666666666,0.0034453125,0.017821175732035816,0.016393442622950817,0.07990876182180935,0.001639344262295082,0.007990876182180936
har,7,0.02,0.05,0.16533333333333333,0.17636167341430498,0.2243498399816397,0.8341543513957307,1.0,0.3760262725779967,0.4124223994112563
har,7,0.02,0.18,0.16533333333333333,0.17636167341430498,0.2243498399816397,0.8341543513957307,1.0,0.3760262725779967,0.4124223994112563
har,7,0.02,0.5,0.16533333333333333,0.17636167341430498,0.2243498399816397,0.8341543513957307,1.0,0.3760262725779967,0.4124223994112563
har,7,0.08,0.05,0.16533333333333333,0.17636167341430498,0.2243498399816397,0.8341543513957307,1.0,0.3760262725779967,0.4124223994112563
har,7,0.08,0.18,0.16533333333333333,0.17636167341430498,0.2243498399816397,0.8341543513957307,1.0,0.3760262725779967,0.4124223994112563
har,7,0.08,0.5,0.16533333333333333,0.17636167341430498,0.2243498399816397,0.8341543513957307,1.0,0.3760262725779967,0.4124223994112563
har,7,0.18,0.05,0.134,0.1444547908232119,0.18896057349329848,0.6814449917898193,0.9001596651249527,0.2824302134646962,0.31674720344480817
har,7,0.18,0.18,0.12866666666666668,0.13912145748987853,0.1828919068842683,0.6551724137931033,0.863399472729913,0.2561576354679803,0.2895979669880984
har,7,0.18,0.5,0.12833333333333333,0.1387881241565452,0.1825108927021977,0.6535303776683086,0.8633984532849542,0.2545155993431856,0.28789609210636036
har,7,0.35,0.05,0.06433333333333334,0.07462753036437247,0.10905824665092403,0.3497536945812808,0.5254610371707109,0.11330049261083744,0.13872667134101752
har,7,0.35,0.18,0.03666666666666667,0.047614035087719296,0.07712497377124339,0.22003284072249585,0.3686757017238973,0.027914614121510674,0.04282069715177289
har,7,0.35,0.5,0.03333333333333333,0.03916059379217274,0.06656169072454765,0.18062397372742198,0.30791544170410956,0.0180623973727422,0.03079154417041096
har,7,0.7,0.05,0.04733333333333333,0.0568272604588394,0.08813015582457973,0.2676518883415435,0.4282123913318653,0.10509031198686371,0.1298114137696515
har,7,0.7,0.18,0.01,0.015573549257759785,0.036077297457645235,0.07224958949096881,0.17238147153055733,0.013136288998357963,0.024544867780212504
har,7,0.7,0.5,0.003,0.0035600539811066127,0.018384440983985215,0.016420361247947452,0.08004024110991381,0.0016420361247947454,0.008004024110991381
har,8,0.02,0.05,0.15566666666666668,0.15026666666666666,0.19504088482529777,0.7500000000000001,0.9821815490722655,0.3547297297297297,0.3913176253035261
har,8,0.02,0.18,0.15566666666666668,0.15026666666666666,0.19504088482529777,0.7500000000000001,0.9821815490722655,0.3547297297297297,0.3913176253035261
har,8,0.02,0.5,0.15566666666666668,0.15026666666666666,0.19504088482529777,0.7500000000000001,0.9821815490722655,0.3547297297297297,0.3913176253035261
har,8,0.08,0.05,0.15566666666666668,0.15026666666666666,0.19504088482529777,0.7500000000000001,0.9821815490722655,0.3547297297297297,0.3913176253035261
har,8,0.08,0.18,0.15566666666666668,0.15026666666666666,0.19504088482529777,0.7500000000000001,0.9821815490722655,0.3547297297297297,0.3913176253035261
har,8,0.08,0.5,0.15566666666666668,0.15026666666666666,0.19504088482529777,0.7500000000000001,0.9821815490722655,0.3547297297297297,0.3913176253035261
har,8,0.18,0.05,0.11966666666666667,0.12175897435897437,0.16297989872857488,0.606418918918919,0.811907088434374,0.24155405405405406,0.2749384464444341
har,8,0.18,0.18,0.116,0.11809230769230769,0.15875087740749946,0.5878378378378379,0.7928169095838394,0.22297297297297297,0.2555753604785816
har,8,0.18,0.5,0.11566666666666667,0.11775897435897437,0.15836493455534145,0.5861486486486487,0.792816413415445,0.22128378378378377,0.25381074563877004
har,8,0.35,0.05,0.054,0.062220512820512816,0.09392046420899927,0.3091216216216216,0.48067978749404083,0.09628378378378379,0.12058108561747784
har,8,0.35,0.18,0.030333333333333334,0.04237948717948718,0.07001360004661855,0.20945945945945946,0.35851512084136133,0.02702702702702703,0.04201167338603251
har,8,0.35,0.5,0.027333333333333334,0.03420512820512821,0.059727731086384274,0.16891891891891891,0.2955183145162222,0.016891891891891893,0.02955183145162222
har,8,0.7,0.05,0.04066666666666666,0.048538461538461544,0.07761725822896665,0.24155405405405403,0.39971596969140544,0.08952702702702703,0.11316374508110252
har,8,0.7,0.18,0.009,0.015015384615384616,0.03474549652200199,0.07432432432432433,0.17730343664014664,0.013513513513513514,0.025245125229294237
har,8,0.7,0.5,0.0023333333333333335,0.0034205128205128206,0.017687771941524214,0.016891891891891893,0.08232720800348227,0.0016891891891891893,0.008232720800348228
har,9,0.02,0.05,0.15666666666666668,0.16091731266149872,0.20647261123459654,0.7632,0.984232891845703,0.36,0.39566345214843746
har,9,0.02,0.18,0.15666666666666668,0.16091731266149872,0.20647261123459654,0.7632,0.984232891845703,0.36,0.39566345214843746
har,9,0.02,0.5,0.15666666666666668,0.16091731266149872,0.20647261123459654,0.7632,0.984232891845703,0.36,0.39566345214843746
har,9,0.08,0.05,0.15666666666666668,0.16091731266149872,0.20647261123459654,0.7632,0.984232891845703,0.36,0.39566345214843746
har,9,0.08,0.18,0.15666666666666668,0.16091731266149872,0.20647261123459654,0.7632,0.984232891845703,0.36,0.39566345214843746
har,9,0.08,0.5,0.15666666666666668,0.16091731266149872,0.20647261123459654,0.7632,0.984232891845703,0.36,0.39566345214843746
har,9,0.18,0.05,0.117,0.12944702842377262,0.17119704622278903,0.6128,0.8235736938476562,0.2384,0.27071826171875
har,9,0.18,0.18,0.11266666666666666,0.1251136950904393,0.1662106285234355,0.592,0.7875484008789063,0.2176,0.24904221649169925
har,9,0.18,0.5,0.11233333333333333,0.12478036175710594,0.16582548323203888,0.5903999999999999,0.78754308013916,0.216,0.24737043762207034
har,9,0.35,0.05,0.05533333333333333,0.07416408268733851,0.10764461272819988,0.35039999999999993,0.5121260650634765,0.1056,0.1300153076171875
har,9,0.35,0.18,0.03133333333333333,0.048958656330749355,0.07801070194256904,0.2304,0.3787641723632812,0.0288,0.04364619598388672
har,9,0.35,0.5,0.028,0.04082170542635659,0.06788989990461153,0.19199999999999998,0.31998582458496083,0.0192,0.031998582458496086
har,9,0.7,0.05,0.04066666666666666,0.05375322997416021,0.08370200808257568,0.2544,0.39809651947021474,0.096,0.11955057525634767
har,9,0.7,0.18,0.009333333333333334,0.014940568475452198,0.034616907808096835,0.0704,0.16798427429199214,0.0128,0.02391967010498047
har,9,0.7,0.5,0.0033333333333333335,0.003401808785529716,0.0176164272289481,0.016,0.077994384765625,0.0016,0.0077994384765625
har,10,0.02,0.05,0.14633333333333334,0.1482749391727494,0.19173753914191616,0.7377850162866448,0.9655121095017424,0.3273615635179153,0.362716623548576
har,10,0.02,0.18,0.14633333333333334,0.1482749391727494,0.19173753914191616,0.7377850162866448,0.9655121095017424,0.3273615635179153,0.362716623548576
har,10,0.02,0.5,0.14633333333333334,0.1482749391727494,0.19173753914191616,0.7377850162866448,0.9655121095017424,0.3273615635179153,0.362716623548576
har,10,0.08,0.05,0.14633333333333334,0.1482749391727494,0.19173753914191616,0.7377850162866448,0.9655121095017424,0.3273615635179153,0.362716623548576
har,10,0.08,0.18,0.14633333333333334,0.1482749391727494,0.19173753914191616,0.7377850162866448,0.9655121095017424,0.3273615635179153,0.362716623548576
har,10,0.08,0.5,0.14633333333333334,0.1482749391727494,0.19173753914191616,0.7377850162866448,0.9655121095017424,0.3273615635179153,0.362716623548576
har,10,0.18,0.05,0.10866666666666666,0.11823357664233576,0.1578955955055469,0.5895765472312704,0.8015088724391081,0.22312703583061888,0.2551117300598939
har,10,0.18,0.18,0.10533333333333333,0.11490024330900242,0.15403543303905592,0.5732899022801303,0.783125756229562,0.20684039087947884,0.23808112594902708
har,10,0.18,0.5,0.105,0.1145669099756691,0.15364801716505455,0.5716612377850163,0.7831248522581419,0.20521172638436483,0.23637411260449537
har,10,0.35,0.05,0.052333333333333336,0.06354014598540146,0.09459057676339086,0.31758957654723124,0.482885014350717,0.09771986970684039,0.12166448524798167
har,10,0.35,0.18,0.03133333333333333,0.040165450121654504,0.06645070387554017,0.20195439739413681,0.34576078035932417,0.026058631921824105,0.04051761751454505
har,10,0.35,0.5,0.028666666666666667,0.03559610705596107,0.060639268830299534,0.1791530944625407,0.30542401615105536,0.017915309446254073,0.03054240161510554
har,10,0.7,0.05,0.037,0.04412408759124088,0.07141419515315801,0.2198697068403909,0.36569827542631167,0.08794788273615635,0.11095237110647393
har,10,0.7,0.18,0.009333333333333334,0.011041362530413627,0.028473292069837952,0.05537459283387622,0.14624016292708703,0.011400651465798045,0.022227787427871157
har,10,0.7,0.5,0.004,0.0032360097323600972,0.016793566380062155,0.016286644951140065,0.07939323151927041,0.0016286644951140066,0.007939323151927042
har,11,0.02,0.05,0.13833333333333334,0.12612455516014237,0.16725207441487486,0.6765734265734266,0.8989857193473338,0.29895104895104896,0.3349082086469743
har,11,0.02,0.18,0.13833333333333334,0.12612455516014237,0.16725207441487486,0.6765734265734266,0.8989857193473338,0.29895104895104896,0.3349082086469743
har,11,0.02,0.5,0.13833333333333334,0.12612455516014237,0.16725207441487486,0.6765734265734266,0.8989857193473338,0.29895104895104896,0.3349082086469743
har,11,0.08,0.05,0.13833333333333334,0.12612455516014237,0.16725207441487486,0.6765734265734266,0.8989857193473338,0.29895104895104896,0.3349082086469743
har,11,0.08,0.18,0.13833333333333334,0.12612455516014237,0.16725207441487486,0.6765734265734266,0.8989857193473338,0.29895104895104896,0.3349082086469743
har,11,0.08,0.5,0.13833333333333334,0.12612455516014237,0.16725207441487486,0.6765734265734266,0.8989857193473338,0.29895104895104896,0.3349082086469743
har,11,0.18,0.05,0.10266666666666667,0.0988173190984579,0.13610475799477023,0.5314685314685315,0.740835683329122,0.20104895104895104,0.23319973312057815
har,11,0.18,0.18,0.09866666666666667,0.09481731909845789,0.13140108214131713,0.5104895104895104,0.7208725922591203,0.18006993006993008,0.21108504608794526
har,11,0.18,0.5,0.09833333333333333,0.09448398576512457,0.1310069134937401,0.5087412587412586,0.7208738460407388,0.17832167832167833,0.2092360149730335
har,11,0.35,0.05,0.050333333333333334,0.051562277580071175,0.08049099419504399,0.2779720279720279,0.43469070054434383,0.08916083916083917,0.11321706371707517
har,11,0.35,0.18,0.032,0.03313523131672599,0.057545208237555275,0.18006993006993008,0.32623908569762755,0.022727272727272728,0.0370959151874889
har,11,0.35,0.5,0.030333333333333334,0.032135231316725986,0.056158111859466994,0.17482517482517482,0.3057805308095225,0.017482517482517484,0.030578053080952253
har,11,0.7,0.05,0.037,0.035494661921708186,0.06081241954945957,0.19055944055944055,0.32770390944047406,0.08041958041958042,0.10355081091393958
har,11,0.7,0.18,0.013,0.010640569395017795,0.02782721787204855,0.05769230769230768,0.1541972893934983,0.01048951048951049,0.021541782192416953
har,11,0.7,0.5,0.009333333333333334,0.009640569395017794,0.02644012149396027,0.05244755244755245,0.14285604436914404,0.005244755244755245,0.014285604436914404
har,12,0.02,0.05,0.12333333333333334,0.11328395061728394,0.15328903620543338,0.5944055944055944,0.8004435959395828,0.27972027972027974,0.3150976354425604
har,12,0.02,0.18,0.12333333333333334,0.11328395061728394,0.15328903620543338,0.5944055944055944,0.8004435959395828,0.27972027972027974,0.3150976354425604
har,12,0.02,0.5,0.12333333333333334,0.11328395061728394,0.15328903620543338,0.5944055944055944,0.8004435959395828,0.27972027972027974,0.3150976354425604
har,12,0.08,0.05,0.12333333333333334,0.11328395061728394,0.15328903620543338,0.5944055944055944,0.8004435959395828,0.27972027972027974,0.3150976354425604
har,12,0.08,0.18,0.12333333333333334,0.11328395061728394,0.15328903620543338,0.5944055944055944,0.8004435959395828,0.27972027972027974,0.3150976354425604
har,12,0.08,0.5,0.12333333333333334,0.11328395061728394,0.15328903620543338,0.5944055944055944,0.8004435959395828,0.27972027972027974,0.3150976354425604
har,12,0.18,0.05,0.08833333333333333,0.0782962962962963,0.1129426831894434,0.4108391608391608,0.5999564457606602,0.17482517482517482,0.20553424808528878
har,12,0.18,0.18,0.084,0.07396296296296295,0.10780702268332565,0.3881118881118881,0.57958405501359,0.1520979020979021,0.18137084354053845
har,12,0.18,0.5,0.08366666666666667,0.07362962962962963,0.10740939026494023,0.3863636363636364,0.5795850970528343,0.15034965034965034,0.1795038743452592
har,12,0.35,0.05,0.043666666666666666,0.04031358024691358,0.06727356955583942,0.2115384615384615,0.3672183293562668,0.08566433566433566,0.10935860580497689
har,12,0.35,0.18,0.025333333333333333,0.020985185185185187,0.042472212905184326,0.11013986013986013,0.23143159426175633,0.015734265734265736,0.028363117804894082
har,12,0.35,0.5,0.023,0.019985185185185186,0.04108069222370633,0.1048951048951049,0.21541782192416953,0.01048951048951049,0.021541782192416953
har,12,0.7,0.05,0.034333333333333334,0.03365185185185185,0.05885983638194012,0.17657342657342653,0.3216423204728773,0.08216783216783216,0.10548967081350047
har,12,0.7,0.18,0.011333333333333334,0.010992592592592592,0.028765185010380213,0.05769230769230768,0.1541972893934983,0.01048951048951049,0.021541782192416953
har,12,0.7,0.5,0.008333333333333333,0.009992592592592593,0.027373664328902217,0.05244755244755245,0.14285604436914404,0.005244755244755245,0.014285604436914404
gas,1,0.02,0.05,0.448,0.43455555555555553,0.5300961598216264,1.0767386091127096,1.0,0.7314148681055156,0.7699397610817595
gas,1,0.02,0.18,0.448,0.43455555555555553,0.5300961598216264,1.0767386091127096,1.0,0.7314148681055156,0.7699397610817595
gas,1,0.02,0.5,0.448,0.43455555555555553,0.5300961598216264,1.0767386091127096,1.0,0.7314148681055156,0.7699397610817595
gas,1,0.08,0.05,0.402,0.39455555555555555,0.4889687116011089,0.9808153477218224,1.0,0.6354916067146283,0.6779244695064259
gas,1,0.08,0.18,0.343,0.3355555555555555,0.42595213260181397,0.8393285371702638,1.0,0.4940047961630695,0.5389306322276162
gas,1,0.08,0.5,0.336,0.33055555555555555,0.4205109346078299,0.8273381294964028,1.0,0.48201438848920863,0.5269881872822054
gas,1,0.18,0.05,0.387,0.37745833333333334,0.4711194989142212,0.937649880095923,1.0,0.6139088729016786,0.656958687505562
gas,1,0.18,0.18,0.22,0.21045833333333336,0.28980288572961166,0.5371702637889688,0.7922646090281096,0.21342925659472423,0.25221859865623125
gas,1,0.18,0.5,0.185,0.17316666666666666,0.24810094480293796,0.44124700239808146,0.6800207462813929,0.18225419664268586,0.21917837815319033
gas,1,0.35,0.05,0.362,0.3461666666666666,0.43804033662211794,0.8561151079136688,1.0,0.5971223021582733,0.6405907500562049
gas,1,0.35,0.18,0.19,0.17416666666666666,0.24905920240449375,0.44364508393285373,0.6800258302574249,0.18465227817745802,0.22173177595618815
gas,1,0.35,0.5,0.005,0.0,0.03185506316404525,0.0,0.05507469177246094,0.0,0.005507469177246094
gas,1,0.7,0.05,0.37,0.3461666666666666,0.43804033662211794,0.8561151079136688,1.0,0.5971223021582733,0.6405907500562049
gas,1,0.7,0.18,0.188,0.17416666666666666,0.24905920240449375,0.44364508393285373,0.6800258302574249,0.18465227817745802,0.22173177595618815
gas,1,0.7,0.5,0.002,0.0,0.03185506316404525,0.0,0.05507469177246094,0.0,0.005507469177246094
gas,2,0.02,0.05,0.44866666666666666,0.44383333333333336,0.5245849053584923,1.0784313725490196,1.0,0.7401960784313726,0.7716834685381722
gas,2,0.02,0.18,0.44866666666666666,0.44383333333333336,0.5245849053584923,1.0784313725490196,1.0,0.7401960784313726,0.7716834685381722
gas,2,0.02,0.5,0.44866666666666666,0.44383333333333336,0.5245849053584923,1.0784313725490196,1.0,0.7401960784313726,0.7716834685381722
gas,2,0.08,0.05,0.39466666666666667,0.39649999999999996,0.47588668967551156,0.9624183006535947,1.0,0.6241830065359477,0.6594545576307509
gas,2,0.08,0.18,0.3353333333333333,0.33716666666666667,0.41289000656095,0.8169934640522876,1.0,0.47875816993464054,0.5157291094462078
gas,2,0.08,0.5,0.32666666666666666,0.33116666666666666,0.40642310027424844,0.8022875816993464,1.0,0.46405228758169936,0.5010225881938062
gas,2,0.18,0.05,0.37866666666666665,0.38166666666666665,0.4604500706382344,0.9264705882352942,1.0,0.6029411764705882,0.6386575979344984
gas,2,0.18,0.18,0.22,0.223,0.2913698455843668,0.5375816993464053,0.7301191566816345,0.21405228758169934,0.2456857955533695
gas,2,0.18,0.5,0.186,0.18433333333333332,0.24919184086417773,0.4444444444444444,0.636717266506619,0.17973856209150327,0.20963115006490474
gas,2,0.35,0.05,0.358,0.35716666666666663,0.4348563304077462,0.8676470588235293,1.0,0.5882352941176471,0.6242189968333525
gas,2,0.35,0.18,0.19266666666666668,0.1925,0.2583625936406025,0.46405228758169925,0.6554849537369469,0.184640522875817,0.21480313781040167
gas,2,0.35,0.5,0.004666666666666667,0.0,0.023646525328905238,0.0,0.037555694580078125,0.0,0.0037555694580078125
gas,2,0.7,0.05,0.36466666666666664,0.35716666666666663,0.4348563304077462,0.8676470588235293,1.0,0.5882352941176471,0.6242189968333525
gas,2,0.7,0.18,0.19066666666666668,0.1925,0.2583625936406025,0.46405228758169925,0.6554849537369469,0.184640522875817,0.21480313781040167
gas,2,0.7,0.5,0.0013333333333333333,0.0,0.023646525328905238,0.0,0.037555694580078125,0.0,0.0037555694580078125
gas,3,0.02,0.05,0.4645,0.4480677966101695,0.5193484027390506,1.0678175092478421,1.0,0.7570900123304563,0.783816745631057
gas,3,0.02,0.18,0.4645,0.4480677966101695,0.5193484027390506,1.0678175092478421,1.0,0.7570900123304563,0.783816745631057
gas,3,0.02,0.5,0.4645,0.4480677966101695,0.5193484027390506,1.0678175092478421,1.0,0.7570900123304563,0.783816745631057
gas,3,0.08,0.05,0.4075,0.39806779661016944,0.46818108794452323,0.9445129469790381,1.0,0.6337854500616523,0.6642148527058366
gas,3,0.08,0.18,0.354,0.34456779661016945,0.411925583314129,0.812577065351418,1.0,0.5018495684340321,0.5338324512712169
gas,3,0.08,0.5,0.3455,0.3390677966101695,0.4060734424122573,0.7990135635018497,0.9916367536702372,0.4882860665844636,0.5203023480134299
gas,3,0.18,0.05,0.3905,0.38402966101694913,0.4536035555308122,0.9112207151664612,1.0,0.6115906288532675,0.6424410992868144
gas,3,0.18,0.18,0.2285,0.22202966101694915,0.2822320705797069,0.5117139334155363,0.6778668004987273,0.2120838471023428,0.23925953640449796
gas,3,0.18,0.5,0.1915,0.18333898305084745,0.2402382124214888,0.42293464858199753,0.5804127529722842,0.17879161528976573,0.20447004061885884
gas,3,0.35,0.05,0.3705,0.36341525423728815,0.43210493538433414,0.8643649815043155,1.0,0.5980271270036991,0.6291023423727578
gas,3,0.35,0.18,0.203,0.19641525423728814,0.25479189150225046,0.4525277435265105,0.6083810937977896,0.18618988902589395,0.21222526841922104
gas,3,0.35,0.5,0.005,0.0,0.019027555841920788,0.0,0.028352737426757812,0.0,0.0028352737426757812
gas,3,0.7,0.05,0.377,0.36341525423728815,0.43210493538433414,0.8643649815043155,1.0,0.5980271270036991,0.6291023423727578
gas,3,0.7,0.18,0.201,0.19641525423728814,0.25479189150225046,0.4525277435265105,0.6083810937977896,0.18618988902589395,0.21222526841922104
gas,3,0.7,0.5,0.002,0.0,0.019027555841920788,0.0,0.028352737426757812,0.0,0.0028352737426757812
gas,4,0.02,0.05,0.448,0.44017021276595747,0.5033834461261308,1.0047438330170777,1.0,0.7229601518026565,0.7475429151270829
gas,4,0.02,0.18,0.448,0.44017021276595747,0.5033834461261308,1.0047438330170777,1.0,0.7229601518026565,0.7475429151270829
gas,4,0.02,0.5,0.448,0.44017021276595747,0.5033834461261308,1.0047438330170777,1.0,0.7229601518026565,0.7475429151270829
gas,4,0.08,0.05,0.3812,0.376068085106383,0.43731036456877453,0.8538899430740038,1.0,0.5806451612903226,0.6080946153210056
gas,4,0.08,0.18,0.328,0.322868085106383,0.38133388250500655,0.7277039848197343,0.8891814528651661,0.45445920303605314,0.4824558779229703
gas,4,0.08,0.5,0.3208,0.31846808510638297,0.3766623327893861,0.7172675521821631,0.8788559495611027,0.444022770398482,0.4719861064961559
gas,4,0.18,0.05,0.3636,0.35666382978723404,0.41708959983349225,0.810246679316888,0.9817675440315957,0.5540796963946869,0.5817915176304741
gas,4,0.18,0.18,0.2096,0.20266382978723407,0.254925330053674,0.4449715370018975,0.5758162766299166,0.1888045540796964,0.2115805904598345
gas,4,0.18,0.5,0.1756,0.16445106382978725,0.21336833108227113,0.3614800759013282,0.4904807288008803,0.15654648956356737,0.17786416699809415
gas,4,0.35,0.05,0.3456,0.3391574468085106,0.3987518816965836,0.7722960151802657,0.9406795067398099,0.5417457305502846,0.5695527780666747
gas,4,0.35,0.18,0.1864,0.18075744680851066,0.23148760093017834,0.39658444022770395,0.5225966650801772,0.16603415559772297,0.18780874979790066
gas,4,0.35,0.5,0.0044,0.0,0.015458264501350339,0.0,0.021829605102539062,0.0,0.0021829605102539062
gas,4,0.7,0.05,0.3512,0.3391574468085106,0.3987518816965836,0.7722960151802657,0.9406795067398099,0.5417457305502846,0.5695527780666747
gas,4,0.7,0.18,0.1848,0.18075744680851066,0.23148760093017834,0.39658444022770395,0.5225966650801772,0.16603415559772297,0.18780874979790066
gas,4,0.7,0.5,0.002,0.0,0.015458264501350339,0.0,0.021829605102539062,0.0,0.0021829605102539062
gas,5,0.02,0.05,0.42866666666666664,0.4180377358490566,0.47327146891868666,0.8731182795698923,1.0,0.6602150537634408,0.6829577702347949
gas,5,0.02,0.18,0.42866666666666664,0.4180377358490566,0.47327146891868666,0.8731182795698923,1.0,0.6602150537634408,0.6829577702347949
gas,5,0.02,0.5,0.42866666666666664,0.4180377358490566,0.47327146891868666,0.8731182795698923,1.0,0.6602150537634408,0.6829577702347949
gas,5,0.08,0.05,0.3463333333333333,0.3383396226415094,0.39068183785253896,0.7025089605734766,0.8364505152548513,0.4960573476702509,0.5203563403057796
gas,5,0.08,0.18,0.2946666666666667,0.28667295597484277,0.3363086650693473,0.5913978494623656,0.7200669729581441,0.3849462365591398,0.4088046043149886
gas,5,0.08,0.5,0.286,0.28067295597484276,0.32995082229903694,0.578494623655914,0.7044739774478381,0.3720430107526882,0.3957700995988743
gas,5,0.18,0.05,0.328,0.3189433962264151,0.37036661289669015,0.6623655913978493,0.7977581557407171,0.46881720430107526,0.4931196520405431
gas,5,0.18,0.18,0.18433333333333332,0.17527672955974843,0.2198663146725224,0.3534050179211469,0.45984566117700276,0.15985663082437276,0.1783809101282482
gas,5,0.18,0.5,0.15266666666666667,0.1407547169811321,0.18230735933377074,0.28387096774193554,0.379273937594506,0.12903225806451613,0.14612059439382247
gas,5,0.35,0.05,0.31133333333333335,0.3099119496855346,0.36087798233249146,0.6437275985663082,0.7744917702076684,0.45663082437275987,0.48091147364681336
gas,5,0.35,0.18,0.159,0.15251572327044027,0.19568602291284,0.3068100358422939,0.4035592711527287,0.13261648745519714,0.14988514343042955
gas,5,0.35,0.5,0.0036666666666666666,0.0,0.012741523077494701,0.0,0.016498565673828125,0.0,0.0016498565673828125
gas,5,0.7,0.05,0.31733333333333336,0.3136100628930818,0.3647686794222579,0.6508960573476702,0.7822554899372933,0.45734767025089607,0.4816299253894436
gas,5,0.7,0.18,0.15766666666666668,0.15251572327044027,0.19568602291284,0.3068100358422939,0.4035592711527287,0.13261648745519714,0.14988514343042955
gas,5,0.7,0.5,0.0016666666666666668,0.0,0.012741523077494701,0.0,0.016498565673828125,0.0,0.0016498565673828125
gas,6,0.02,0.05,0.413,0.4047762863534675,0.4576091582881241,0.7757496740547587,0.9082666369740312,0.605606258148631,0.6280705913260209
gas,6,0.02,0.18,0.413,0.4047762863534675,0.4576091582881241,0.7757496740547587,0.9082666369740312,0.605606258148631,0.6280705913260209
gas,6,0.02,0.5,0.413,0.4047762863534675,0.4576091582881241,0.7757496740547587,0.9082666369740312,0.605606258148631,0.6280705913260209
gas,6,0.08,0.05,0.314,0.30555033557046984,0.35437899734292877,0.5827900912646675,0.7047603898129223,0.424380704041721,0.44739392590180843
gas,6,0.08,0.18,0.26166666666666666,0.2532170022371365,0.2991679591034508,0.48044328552803117,0.5912107563391813,0.3220338983050847,0.3439839249950344
gas,6,0.08,0.5,0.25333333333333335,0.2475503355704698,0.2931518841571175,0.469361147327249,0.5769400366592905,0.3109517601043025,0.33272042641272914
gas,6,0.18,0.05,0.29233333333333333,0.282324384787472,0.32992873032929165,0.5384615384615384,0.6552130625798149,0.3917861799217731,0.41457470890129705
gas,6,0.18,0.18,0.15733333333333333,0.14732438478747203,0.18909840276155696,0.27444589308996087,0.3671589046910968,0.12777053455019557,0.1439586388241048
gas,6,0.18,0.5,0.12933333333333333,0.11659284116331096,0.15539263631924027,0.21707953063885269,0.3005245462390248,0.09973924380704041,0.11441710968216517
gas,6,0.35,0.05,0.27666666666666667,0.2733780760626398,0.32047219293344287,0.5215123859191656,0.633917203005476,0.38070404172099087,0.4033921961678675
gas,6,0.35,0.18,0.13166666666666665,0.1244854586129754,0.1645045959525331,0.23142112125162972,0.3154238790390233,0.10234680573663625,0.11717734156562576
gas,6,0.35,0.5,0.0036666666666666666,0.0036129753914988815,0.019043963702261166,0.006518904823989569,0.031841513075449315,0.000651890482398957,0.0031841513075449314
gas,6,0.7,0.05,0.2826666666666667,0.2733780760626398,0.32047219293344287,0.5215123859191656,0.633917203005476,0.38070404172099087,0.4033921961678675
gas,6,0.7,0.18,0.131,0.1208724832214765,0.16029558984352463,0.22490221642764016,0.3079821948433171,0.1016949152542373,0.11648738990395759
gas,6,0.7,0.5,0.0016666666666666668,0.0,0.0125116164592923,0.0,0.015001296997070312,0.0,0.0015001296997070312
gas,7,0.02,0.05,0.391,0.38154636591478697,0.4324524798227272,0.6790048543689321,0.8003067912407292,0.5588592233009708,0.5809436920777107
gas,7,0.02,0.18,0.391,0.38154636591478697,0.4324524798227272,0.6790048543689321,0.8003067912407292,0.5588592233009708,0.5809436920777107
gas,7,0.02,0.5,0.391,0.38154636591478697,0.4324524798227272,0.6790048543689321,0.8003067912407292,0.5588592233009708,0.5809436920777107
gas,7,0.08,0.05,0.279,0.26810275689223056,0.31406975681145877,0.4739077669902912,0.5836883632882127,0.36468446601941745,0.386395717130124
gas,7,0.08,0.18,0.23133333333333334,0.2204360902255639,0.26370705003506256,0.387135922330097,0.4838626535193434,0.2779126213592233,0.29828798886641716
gas,7,0.08,0.5,0.22,0.21210275689223057,0.2548498134651988,0.3719660194174757,0.47047060901678883,0.26274271844660196,0.28341606577623235
gas,7,0.18,0.05,0.251,0.23460401002506265,0.27845534771953584,0.4150485436893203,0.5172623338051212,0.32220873786407767,0.34336838386591195
gas,7,0.18,0.18,0.129,0.11260401002506265,0.15068447330333218,0.19296116504854371,0.2658936838501866,0.10012135922330097,0.1142703566736388
gas,7,0.18,0.5,0.102,0.08643859649122806,0.12198038496145677,0.1474514563106796,0.216635106258022,0.07099514563106796,0.08328529469017844
gas,7,0.35,0.05,0.24066666666666667,0.24515789473684213,0.2899383712554727,0.4314320388349514,0.5372398634558742,0.316747572815534,0.3378222810411917
gas,7,0.35,0.18,0.106,0.10399248120300753,0.14254415046488733,0.17657766990291263,0.2518991683293315,0.07827669902912622,0.09107352807683852
gas,7,0.35,0.5,0.0036666666666666666,0.003721804511278195,0.019628984027287296,0.006067961165048543,0.029638016108170292,0.0006067961165048543,0.002963801610817029
gas,7,0.7,0.05,0.24533333333333332,0.24515789473684213,0.2899383712554727,0.4314320388349514,0.5372398634558742,0.316747572815534,0.3378222810411917
gas,7,0.7,0.18,0.105,0.10027067669172932,0.13812974318289806,0.17050970873786409,0.24488407547034108,0.07766990291262135,0.09042589872786141
gas,7,0.7,0.5,0.0016666666666666668,0.0,0.012890168821514142,0.0,0.013971328735351562,0.0,0.0013971328735351562
gas,8,0.02,0.05,0.37166666666666665,0.3565803357314149,0.4020734145827961,0.5998883928571428,0.7123767584562302,0.5145089285714286,0.5358800994498389
gas,8,0.02,0.18,0.37166666666666665,0.3565803357314149,0.4020734145827961,0.5998883928571428,0.7123767584562302,0.5145089285714286,0.5358800994498389
gas,8,0.02,0.5,0.37166666666666665,0.3565803357314149,0.4020734145827961,0.5998883928571428,0.7123767584562302,0.5145089285714286,0.5358800994498389
gas,8,0.08,0.05,0.24033333333333334,0.22255635491606715,0.26174743173192794,0.37499999999999994,0.46975600719451893,0.3046875,0.3246839940547943
gas,8,0.08,0.18,0.19633333333333333,0.17855635491606714,0.21519027010807257,0.3013392857142857,0.3833071461745671,0.23102678571428573,0.24949033877679277
gas,8,0.08,0.5,0.185,0.16988968824940048,0.20596715937651489,0.2868303571428571,0.3708568481462342,0.21651785714285715,0.23459604169641227
gas,8,0.18,0.05,0.213,0.19019904076738609,0.22691350452486653,0.3203125,0.408120334148407,0.2650669642857143,0.28432172536849976
gas,8,0.18,0.18,0.101,0.0781990407673861,0.10811669084408979,0.1328125,0.19273591041564941,0.07756696428571429,0.08975433771099361
gas,8,0.18,0.5,0.076,0.0564052757793765,0.08410820796810065,0.09598214285714284,0.15298396987574436,0.05078125,0.06098879873752594
gas,8,0.35,0.05,0.203,0.19588968824940048,0.2335813851234539,0.33035714285714285,0.42048994132450646,0.26004464285714285,0.2791917611445699
gas,8,0.35,0.18,0.07766666666666666,0.06553237410071942,0.095069943631894,0.11160714285714285,0.166340640613011,0.056361607142857144,0.06702660290258272
gas,8,0.35,0.5,0.004333333333333333,0.0032302158273381293,0.0172479562190614,0.005580357142857142,0.02726434064762933,0.0005580357142857143,0.002726434064762933
gas,8,0.7,0.05,0.20666666666666667,0.1991199040767386,0.23715773631692297,0.33593749999999994,0.426663428544998,0.26060267857142855,0.27976215258240694
gas,8,0.7,0.18,0.07666666666666666,0.06553237410071942,0.095069943631894,0.11160714285714285,0.166340640613011,0.056361607142857144,0.06702660290258272
gas,8,0.7,0.5,0.0023333333333333335,0.0,0.011370014682181058,0.0,0.012845993041992188,0.0,0.0012845993041992188
gas,9,0.02,0.05,0.342,0.34411031175059953,0.38609856755390026,0.5468262226847034,0.653242222352281,0.47658688865764826,0.4972503495390035
gas,9,0.02,0.18,0.342,0.34411031175059953,0.38609856755390026,0.5468262226847034,0.653242222352281,0.47658688865764826,0.4972503495390035
gas,9,0.02,0.5,0.342,0.34411031175059953,0.38609856755390026,0.5468262226847034,0.653242222352281,0.47658688865764826,0.4972503495390035
gas,9,0.08,0.05,0.19533333333333333,0.19502158273381295,0.22990277690994268,0.31217481789802287,0.3921663401402246,0.2559833506763788,0.2743656513718239
gas,9,0.08,0.18,0.151,0.15068824940047965,0.1828957264411522,0.2429760665972945,0.3167462899707235,0.18678459937565037,0.20335561899191135
gas,9,0.08,0.5,0.13866666666666666,0.14102158273381293,0.17257937979335877,0.22788761706555669,0.2991811234298531,0.1716961498439126,0.1877728481074402
gas,9,0.18,0.05,0.166,0.1599328537170264,0.1920418693553464,0.25546305931321545,0.3342407918249282,0.2133194588969823,0.23066718967846606
gas,9,0.18,0.18,0.06733333333333333,0.061266187050359716,0.08733973671638678,0.10145681581685745,0.1551231385269721,0.05931321540062435,0.06980310890602642
gas,9,0.18,0.5,0.047,0.04234772182254197,0.06678463011656058,0.07127991675338188,0.1173928039503147,0.033818938605619145,0.042092387311540455
gas,9,0.35,0.05,0.156,0.16143645083932853,0.19413927145431942,0.25910509885535904,0.334239717576804,0.20759625390218522,0.22478605036184762
gas,9,0.35,0.18,0.042333333333333334,0.04176258992805755,0.06542516681636915,0.06971904266389178,0.11739230081516548,0.03694068678459938,0.045528146900569985
gas,9,0.35,0.5,0.0036666666666666666,0.005836930455635491,0.020455159175351685,0.01040582726326743,0.03488022628609521,0.001040582726326743,0.0034880226286095216
gas,9,0.7,0.05,0.15933333333333333,0.16143645083932853,0.19413927145431942,0.25910509885535904,0.334239717576804,0.20759625390218522,0.22478605036184762
gas,9,0.7,0.18,0.04133333333333333,0.03884412470023981,0.06152181034971445,0.06451612903225806,0.11097311204479585,0.036420395421436005,0.04495643949161335
gas,9,0.7,0.5,0.0016666666666666668,0.0,0.010412611872002082,0.0,0.0119781494140625,0.0,0.00119781494140625
gas,10,0.02,0.05,0.329,0.3242675438596491,0.36160157432350326,0.49528535980148874,0.5911051558501665,0.45062034739454093,0.47075180545929945
gas,10,0.02,0.18,0.329,0.3242675438596491,0.36160157432350326,0.49528535980148874,0.5911051558501665,0.45062034739454093,0.47075180545929945
gas,10,0.02,0.5,0.329,0.3242675438596491,0.36160157432350326,0.49528535980148874,0.5911051558501665,0.45062034739454093,0.47075180545929945
gas,10,0.08,0.05,0.17866666666666667,0.1746140350877193,0.2048354619715803,0.26997518610421833,0.34657559927284864,0.23424317617866006,0.25169766097151614
gas,10,0.08,0.18,0.137,0.13294736842105265,0.16066588051114428,0.20794044665012407,0.2742059863826477,0.17220843672456576,0.18791125844193451
gas,10,0.08,0.5,0.123,0.1216140350877193,0.1485736428216558,0.19106699751861042,0.2573251156298162,0.15533498759305212,0.1704484414226068
gas,10,0.18,0.05,0.14666666666666667,0.14062719298245616,0.1681751007766514,0.21687344913151366,0.2854203458459442,0.1900744416873449,0.20634361248158348
gas,10,0.18,0.18,0.05433333333333333,0.048293859649122806,0.06905527954353456,0.0794044665012407,0.12410777259997043,0.05260545905707196,0.06232447139086854
gas,10,0.18,0.5,0.034666666666666665,0.031960526315789474,0.05183476685888916,0.055086848635235726,0.09835380667788216,0.028287841191066997,0.03576165192180473
gas,10,0.35,0.05,0.139,0.1472675438596491,0.17638922971157817,0.23176178660049626,0.3021792982115639,0.1870967741935484,0.2032753605996409
gas,10,0.35,0.18,0.027666666666666666,0.026973684210526316,0.04490397734965705,0.04516129032258065,0.08514864521641884,0.02729528535980149,0.03465706420595534
gas,10,0.35,0.5,0.004666666666666667,0.004986842105263158,0.017694921000809397,0.009925558312655087,0.03327691525442725,0.0009925558312655087,0.0033276915254427247
gas,10,0.7,0.05,0.14233333333333334,0.1472675438596491,0.17638922971157817,0.23176178660049626,0.3021792982115639,0.1870967741935484,0.2032753605996409
gas,10,0.7,0.18,0.026,0.024480263157894738,0.04128214251491799,0.040198511166253094,0.07841060203003232,0.026799007444168736,0.034104214708503354
gas,10,0.7,0.5,0.0013333333333333333,0.0,0.009074546451039785,0.0,0.011425018310546875,0.0,0.0011425018310546875
gas,11,0.02,0.05,0.338,0.3308039215686275,0.36961885684155454,0.5158850226928895,0.6169330464188522,0.4568835098335855,0.4771946461225963
gas,11,0.02,0.18,0.338,0.3308039215686275,0.36961885684155454,0.5158850226928895,0.6169330464188522,0.4568835098335855,0.4771946461225963
gas,11,0.02,0.5,0.338,0.3308039215686275,0.36961885684155454,0.5158850226928895,0.6169330464188522,0.4568835098335855,0.4771946461225963
gas,11,0.08,0.05,0.19066666666666668,0.18270588235294116,0.21458007417020508,0.28946041351487645,0.36896345606970776,0.2395360564800807,0.2572600729707149
gas,11,0.08,0.18,0.14666666666666667,0.13870588235294118,0.16790252479167517,0.22289460413514878,0.29568843293298214,0.172970247100353,0.18882976922493538
gas,11,0.08,0.5,0.13066666666666665,0.12415686274509805,0.1521678773330417,0.1996974281391831,0.26718703773486996,0.15431164901664146,0.16951438626795784
gas,11,0.18,0.05,0.158,0.14727450980392157,0.1765900983596805,0.2334846192637418,0.3070378685863223,0.19263741805345436,0.20911997229056234
gas,11,0.18,0.18,0.06533333333333333,0.054607843137254905,0.07806080597802176,0.09329299041855772,0.1443393027247411,0.052445789208270296,0.06223782853411715
gas,11,0.18,0.5,0.043666666666666666,0.03572549019607843,0.05747475551576846,0.06354009077155824,0.10756626792826918,0.02723146747352496,0.034653102395754545
gas,11,0.35,0.05,0.14933333333333335,0.14937254901960784,0.17926236924704902,0.2390317700453858,0.3126921834094441,0.18910741301059,0.20548262141656226
gas,11,0.35,0.18,0.03933333333333333,0.034509803921568626,0.055541515182147,0.060514372163388806,0.10130264755456783,0.028744326777609682,0.03633596677102047
gas,11,0.35,0.5,0.014,0.01019607843137255,0.025608998716048114,0.020171457387796268,0.04856217827270323,0.002017145738779627,0.004856217827270324
gas,11,0.7,0.05,0.14666666666666667,0.14427450980392156,0.17340067401517656,0.22894604135148766,0.30136867105750437,0.1880988401412002,0.204443312629088
gas,11,0.7,0.18,0.03233333333333333,0.029411764705882353,0.048620547237602646,0.050428643469490664,0.08862995103459975,0.02773575390821987,0.035214738177339416
gas,11,0.7,0.5,0.005333333333333333,0.0025490196078431374,0.013918651540174132,0.005042864346949067,0.02464052047383226,0.0005042864346949068,0.0024640520473832262
gas,12,0.02,0.05,0.386,0.3656050228310502,0.4070119443734898,0.5733130390664637,0.6753224470118225,0.495687468290208,0.5160864777277108
gas,12,0.02,0.18,0.386,0.3656050228310502,0.4070119443734898,0.5733130390664637,0.6753224470118225,0.495687468290208,0.5160864777277108
gas,12,0.02,0.5,0.386,0.3656050228310502,0.4070119443734898,0.5733130390664637,0.6753224470118225,0.495687468290208,0.5160864777277108
gas,12,0.08,0.05,0.22433333333333333,0.20257305936073056,0.2368930516492795,0.32318619989852865,0.4049048222968083,0.25469304921359714,0.2728108338811325
gas,12,0.08,0.18,0.18133333333333335,0.1595730593607306,0.19135565221440268,0.2577371892440385,0.33163737234641055,0.18924403855910704,0.20567525092385736
gas,12,0.08,0.5,0.15366666666666667,0.13455707762557076,0.16455836281605277,0.21867072552004058,0.29176652038357453,0.15474378488077117,0.17001130265187997
gas,12,0.18,0.05,0.192,0.1695570776255708,0.20185492029516744,0.2719431760527651,0.3486301474375268,0.20801623541349568,0.2249945021715943
gas,12,0.18,0.18,0.105,0.08255707762557077,0.1108536090965247,0.13952308472856417,0.1989825760150911,0.07559614408929477,0.08705316056822954
gas,12,0.18,0.5,0.07233333333333333,0.05420776255707763,0.08078749768064585,0.09538305428716387,0.14520953743062243,0.03602232369355657,0.04440101302256745
gas,12,0.35,0.05,0.17733333333333334,0.1689063926940639,0.20127627728819034,0.2719431760527651,0.3486301474375268,0.20345002536783358,0.2203005650876924
gas,12,0.35,0.18,0.06933333333333333,0.055509132420091326,0.08111921189941282,0.09538305428716387,0.14520953743062243,0.04515474378488077,0.054375594790849135
gas,12,0.35,0.5,0.03333333333333333,0.021461187214611873,0.04144864631162917,0.04058853373921867,0.07614917648679286,0.004058853373921867,0.007614917648679286
gas,12,0.7,0.05,0.163,0.15817579908675797,0.1892978487055667,0.25164890918315574,0.325967145171763,0.20142059868087264,0.2182127789517213
gas,12,0.7,0.18,0.051,0.0420958904109589,0.06363886655386691,0.0700152207001522,0.11447673664063986,0.0426179604261796,0.051615877601472585
gas,12,0.7,0.5,0.014,0.005365296803652968,0.018924739261757396,0.010147133434804667,0.03401243402412371,0.0010147133434804667,0.0034012434024123716
gas,13,0.02,0.05,0.41633333333333333,0.3928014184397163,0.4353937450954522,0.6108597285067873,0.7178174316613384,0.5203619909502263,0.5406201392816744
gas,13,0.02,0.18,0.41633333333333333,0.3928014184397163,0.4353937450954522,0.6108597285067873,0.7178174316613384,0.5203619909502263,0.5406201392816744
gas,13,0.02,0.5,0.41633333333333333,0.3928014184397163,0.4353937450954522,0.6108597285067873,0.7178174316613384,0.5203619909502263,0.5406201392816744
gas,13,0.08,0.05,0.23166666666666666,0.20602127659574468,0.24083237751410463,0.32730015082956254,0.4123510127693279,0.2458521870286576,0.26369222580577456
gas,13,0.08,0.18,0.18633333333333332,0.16068794326241137,0.19277004692532307,0.25892408245349424,0.3342644733181546,0.17747611865258925,0.19345945854052754
gas,13,0.08,0.5,0.158,0.13796453900709219,0.16901199086443802,0.22373051784816494,0.2948026215988167,0.146807440925088,0.1617024442309288
gas,13,0.18,0.05,0.20333333333333334,0.17629787234042552,0.20932702790669477,0.2815485168426345,0.35667685062337484,0.20462543991955756,0.22142987565337385
gas,13,0.18,0.18,0.119,0.0919645390070922,0.122435438495541,0.1543489190548014,0.21464857424606082,0.07742584213172449,0.08894200610299395
gas,13,0.18,0.5,0.08533333333333333,0.06657446808510639,0.0955812977297815,0.11513323278029158,0.16778271254610932,0.042735042735042736,0.05169808151375534
gas,13,0.35,0.05,0.18166666666666667,0.1631276595744681,0.19508943520057126,0.25892408245349424,0.3342644733181546,0.19557566616390146,0.21211944626107654
gas,13,0.35,0.18,0.07566666666666666,0.0536241134751773,0.07944812294660744,0.09100050276520864,0.14390136945061852,0.04122674710910005,0.0500539537049107
gas,13,0.35,0.5,0.03833333333333333,0.02451063829787234,0.04560549062599601,0.04524886877828054,0.08194159598372101,0.004524886877828055,0.008194159598372101
gas,13,0.7,0.05,0.16533333333333333,0.1522340425531915,0.18285308783938076,0.23881347410759174,0.31175874237321377,0.19356460532931122,0.2100489958259195
gas,13,0.7,0.18,0.05633333333333333,0.04000709219858156,0.06170981330697672,0.06586224233283057,0.11272031017857741,0.038712921065862244,0.04730841405071644
gas,13,0.7,0.5,0.017,0.005446808510638298,0.01920344790438197,0.01005530417295123,0.033711226757235584,0.001005530417295123,0.0033711226757235585
gas,14,0.02,0.05,0.44233333333333336,0.4212671755725191,0.46635732357632054,0.6568228105906313,0.765056809194219,0.5468431771894093,0.5671254991271102
gas,14,0.02,0.18,0.44233333333333336,0.4212671755725191,0.46635732357632054,0.6568228105906313,0.765056809194219,0.5468431771894093,0.5671254991271102
gas,14,0.02,0.5,0.44233333333333336,0.4212671755725191,0.46635732357632054,0.6568228105906313,0.765056809194219,0.5468431771894093,0.5671254991271102
gas,14,0.08,0.05,0.258,0.2342977099236641,0.2720131303260622,0.3706720977596742,0.4567649981154929,0.2652749490835031,0.283645597834694
gas,14,0.08,0.18,0.214,0.19029770992366413,0.22650701746064156,0.3034623217922607,0.3838124498573195,0.19806517311608962,0.2147910133641509
gas,14,0.08,0.5,0.18133333333333335,0.16269211195928754,0.19798292319096894,0.26018329938900203,0.338504884490656,0.16395112016293278,0.1795801543412529
gas,14,0.18,0.05,0.224,0.1976615776081425,0.23331440415106802,0.3141547861507128,0.39508138557558387,0.21334012219959267,0.23049534168359948
gas,14,0.18,0.18,0.14633333333333334,0.11999491094147584,0.15544097240569935,0.19551934826883907,0.2639914588384375,0.09470468431771895,0.10730451478977554
gas,14,0.18,0.5,0.10633333333333334,0.08838931297709925,0.12201546130689803,0.14613034623217924,0.20560637947983754,0.054480651731160894,0.0644834041595459
gas,14,0.35,0.05,0.19266666666666668,0.17708651399491093,0.21149563466629753,0.2810590631364562,0.36120554968684365,0.1939918533604888,0.21059741556280256
gas,14,0.35,0.18,0.09366666666666666,0.07154198473282443,0.10213697195189392,0.11761710794297353,0.1759081027658311,0.048879837067209775,0.05843388815761341
gas,14,0.35,0.5,0.048,0.035633587786259545,0.06078735353289751,0.06109979633401222,0.10228376524511518,0.006109979633401222,0.010228376524511518
gas,14,0.7,0.05,0.17433333333333334,0.15926972010178117,0.19213966856669756,0.2505091649694501,0.32712335839048173,0.1909368635437882,0.20745027720806797
gas,14,0.7,0.18,0.07166666666666667,0.05075572519083969,0.07605305936596643,0.08197556008146639,0.1334869060399819,0.04531568228105906,0.0545686660618986
gas,14,0.7,0.5,0.02,0.008908396946564886,0.02529686037944295,0.015274949083503055,0.04174659791157832,0.0015274949083503055,0.004174659791157833
gas,15,0.02,0.05,0.461,0.44100980392156863,0.4870883624207133,0.7031088082901554,0.8171814192144364,0.5632124352331607,0.5835793816363872
gas,15,0.02,0.18,0.461,0.44100980392156863,0.4870883624207133,0.7031088082901554,0.8171814192144364,0.5632124352331607,0.5835793816363872
gas,15,0.02,0.5,0.461,0.44100980392156863,0.4870883624207133,0.7031088082901554,0.8171814192144364,0.5632124352331607,0.5835793816363872
gas,15,0.08,0.05,0.2776666666666667,0.25405392156862744,0.2928440073113236,0.4119170984455959,0.5044625954306803,0.2766839378238342,0.29544464467103
gas,15,0.08,0.18,0.23533333333333334,0.2117205882352941,0.2502982108656279,0.3461139896373057,0.43061274395087845,0.21088082901554403,0.22812429783875454
gas,15,0.08,0.5,0.19933333333333333,0.17985294117647058,0.21729076353872384,0.2948186528497409,0.3732967342119759,0.17357512953367876,0.18968077397717092
gas,15,0.18,0.05,0.23966666666666667,0.21309803921568626,0.25121797476925944,0.34766839378238334,0.4363142843691177,0.21709844559585492,0.23450992959768663
gas,15,0.18,0.18,0.171,0.1444313725490196,0.18255507264034,0.24093264248704663,0.31543495247401104,0.11036269430051814,0.12389336422935052
gas,15,0.18,0.5,0.12566666666666668,0.10789705882352943,0.14404118019859874,0.18238341968911917,0.25091917996579505,0.06580310880829016,0.07673736483321907
gas,15,0.35,0.05,0.202,0.1875637254901961,0.22449886731851415,0.3062176165803109,0.3905478729485229,0.18963730569948187,0.20626148164581143
gas,15,0.35,0.18,0.11266666666666666,0.09469607843137255,0.12922201672506037,0.16010362694300515,0.22119383441351856,0.057512953367875645,0.06784495467349037
gas,15,0.35,0.5,0.059333333333333335,0.04433823529411765,0.0714138377620377,0.07772020725388601,0.12325435104765421,0.007772020725388601,0.012325435104765421
gas,15,0.7,0.05,0.18,0.1727843137254902,0.20723319048548455,0.28031088082901556,0.36177979454475373,0.18704663212435232,0.20358982876792472
gas,15,0.7,0.18,0.08566666666666667,0.07400490196078431,0.10455408110711495,0.12383419689119168,0.17898978594053594,0.0538860103626943,0.06393746094382488
gas,15,0.7,0.5,0.023666666666666666,0.014779411764705883,0.03357176187333246,0.025906735751295335,0.05707767960938765,0.0025906735751295338,0.005707767960938765
gas,16,0.02,0.05,0.4886666666666667,0.4896010498687664,0.5374407681680998,0.7767903815995817,0.896758181726004,0.5933089388395191,0.6135322562824416
gas,16,0.02,0.18,0.4886666666666667,0.4896010498687664,0.5374407681680998,0.7767903815995817,0.896758181726004,0.5933089388395191,0.6135322562824416
gas,16,0.02,0.5,0.4886666666666667,0.4896010498687664,0.5374407681680998,0.7767903815995817,0.896758181726004,0.5933089388395191,0.6135322562824416
gas,16,0.08,0.05,0.295,0.2914146981627297,0.33480327795355985,0.4657605854678515,0.5658332926405704,0.28698379508625194,0.30602066191590016
gas,16,0.08,0.18,0.253,0.24941469816272968,0.29340924680330605,0.39989545216936745,0.4917879323964336,0.2211186617877679,0.2387163159240308
gas,16,0.08,0.5,0.21533333333333332,0.21333595800524935,0.256133109069765,0.3423941453214846,0.4286569783778572,0.18243596445373758,0.19890925102812174
gas,16,0.18,0.05,0.25533333333333336,0.2482283464566929,0.29187733079210965,0.39780449555671715,0.49178655547617117,0.22373235755358076,0.2413982918794655
gas,16,0.18,0.18,0.193,0.18589501312335957,0.22964003288641271,0.30005227391531625,0.38241028573833324,0.12598013591217982,0.1403076881771616
gas,16,0.18,0.5,0.146,0.14514960629921259,0.18696267279968398,0.23523261892315733,0.30647253902931837,0.0799790904338735,0.0918968188719044
gas,16,0.35,0.05,0.205,0.20344356955380577,0.2451044000722151,0.3261892315734448,0.4113513440033932,0.18034500784108728,0.19675020815125946
gas,16,0.35,0.18,0.12433333333333334,0.1224041994750656,0.16227195936370645,0.19864087820177725,0.2650534763924438,0.06220595922634605,0.07293547726524979
gas,16,0.35,0.5,0.06933333333333333,0.06691338582677166,0.09946627957144732,0.1097752221641401,0.16206652595930798,0.01097752221641401,0.0162066525959308
gas,16,0.7,0.05,0.18033333333333335,0.18432545931758532,0.2233723421201922,0.2948248823836906,0.37660715409242473,0.17720857292211187,0.19351019712249706
gas,16,0.7,0.18,0.09433333333333334,0.09691338582677166,0.13294678609128807,0.15682174594877155,0.2171156435067654,0.05802404600104548,0.06844387164118397
gas,16,0.7,0.5,0.027,0.022304461942257214,0.044632959643724227,0.03659174072138003,0.07161554714428213,0.0036591740721380033,0.007161554714428213
gas,17,0.02,0.05,0.5036666666666667,0.5002977099236641,0.5478891319417274,0.7993730407523509,0.9184943172251542,0.6065830721003135,0.626673082572913
gas,17,0.02,0.18,0.5036666666666667,0.5002977099236641,0.5478891319417274,0.7993730407523509,0.9184943172251542,0.6065830721003135,0.626673082572913
gas,17,0.02,0.5,0.5036666666666667,0.5002977099236641,0.5478891319417274,0.7993730407523509,0.9184943172251542,0.6065830721003135,0.626673082572913
gas,17,0.08,0.05,0.3,0.2935343511450382,0.336699493035728,0.47492163009404387,0.5712101496872857,0.28683385579937304,0.30586316368796607
gas,17,0.08,0.18,0.263,0.2565343511450382,0.3002515923872627,0.4169278996865204,0.5086573448300735,0.22884012539184953,0.24663104233696914
gas,17,0.08,0.5,0.22666666666666666,0.22348091603053435,0.26609317419147366,0.3636363636363636,0.45143716985529114,0.19435736677115986,0.2111981879207408
gas,17,0.18,0.05,0.257,0.24743765903307888,0.29091080286686916,0.4022988505747126,0.4915322380504389,0.21891327063740856,0.236448272019469
gas,17,0.18,0.18,0.20466666666666666,0.19510432569974553,0.2386959103272139,0.3202716823406478,0.4053658821241483,0.13688610240334378,0.15168103304776281
gas,17,0.18,0.5,0.15866666666666668,0.1567175572519084,0.19862521866617833,0.2586206896551724,0.3356356456361968,0.09404388714733543,0.1067807846308502
gas,17,0.35,0.05,0.19633333333333333,0.19795419847328244,0.23992714789667513,0.3228840125391849,0.40536194983694623,0.16300940438871472,0.17881648443335652
gas,17,0.35,0.18,0.126,0.12433078880407124,0.1641063656088268,0.20637408568443052,0.2767878141771913,0.06060606060606061,0.07121591856985382
gas,17,0.35,0.5,0.071,0.06812722646310432,0.10042644599681455,0.11494252873563218,0.16816807889390273,0.011494252873563218,0.016816807889390273
gas,17,0.7,0.05,0.17366666666666666,0.17937404580152672,0.21897899727257877,0.2915360501567398,0.37060545679170126,0.15987460815047022,0.1755678302442018
gas,17,0.7,0.18,0.09733333333333333,0.09646055979643765,0.13216485420724777,0.1593521421107628,0.22303721249539527,0.05590386624869383,0.06615896932508256
gas,17,0.7,0.5,0.027,0.02167684478371501,0.04343341497672365,0.03657262277951933,0.07157749267705679,0.0036572622779519333,0.00715774926770568
gas,18,0.02,0.05,0.4776666666666667,0.4688253968253968,0.5168273317819079,0.7424083769633508,0.859168296334631,0.5869109947643979,0.6072066332033169
gas,18,0.02,0.18,0.4776666666666667,0.4688253968253968,0.5168273317819079,0.7424083769633508,0.859168296334631,0.5869109947643979,0.6072066332033169
gas,18,0.02,0.5,0.4776666666666667,0.4688253968253968,0.5168273317819079,0.7424083769633508,0.859168296334631,0.5869109947643979,0.6072066332033169
gas,18,0.08,0.05,0.2853333333333333,0.27582539682539686,0.3177707635564686,0.4392670157068063,0.5325606061525994,0.2837696335078534,0.3027639019551702
gas,18,0.08,0.18,0.25,0.24049206349206348,0.2829694442844339,0.3837696335078534,0.4753579329445724,0.22827225130890053,0.24606817355330704
gas,18,0.08,0.5,0.22233333333333333,0.2156243386243386,0.25662977159916667,0.343979057591623,0.42932528151267474,0.20732984293193718,0.22456775185949515
gas,18,0.18,0.05,0.23566666666666666,0.2226084656084656,0.26484887541656016,0.35549738219895294,0.44086136992689207,0.20471204188481676,0.22187566807132741
gas,18,0.18,0.18,0.18666666666666668,0.1736084656084656,0.2158749072138077,0.2785340314136125,0.35972116280600663,0.12774869109947645,0.1427135587362719
gas,18,0.18,0.5,0.149,0.14274074074074075,0.183120477927768,0.22931937172774866,0.30104969883464383,0.09738219895287958,0.11031663105749959
gas,18,0.35,0.05,0.17133333333333334,0.17162433862433862,0.21273123145992118,0.27486910994764396,0.35387949169618294,0.1382198952879581,0.15308647655067645
gas,18,0.35,0.18,0.10733333333333334,0.10397354497354497,0.1422960060453728,0.16806282722513086,0.23555462922101242,0.04554973821989529,0.05496520596649009
gas,18,0.35,0.5,0.059,0.05468783068783068,0.08515581719067487,0.08900523560209424,0.1372475349466214,0.008900523560209424,0.01372475349466214
gas,18,0.7,0.05,0.158,0.16197354497354496,0.2017496173415642,0.25916230366492143,0.33633090064163623,0.13664921465968585,0.15145067594438322
gas,18,0.7,0.18,0.08833333333333333,0.08788888888888888,0.12369011154094645,0.14188481675392667,0.20532567488585465,0.04293193717277487,0.052114926083549784
gas,18,0.7,0.5,0.021666666666666667,0.0193015873015873,0.040752298295139947,0.031413612565445025,0.06477292045872873,0.0031413612565445027,0.006477292045872873
gas,19,0.02,0.05,0.473,0.4653888888888889,0.5132824566663773,0.749602964531498,0.8686628690025929,0.5876124933827422,0.608015248231499
gas,19,0.02,0.18,0.473,0.4653888888888889,0.5132824566663773,0.749602964531498,0.8686628690025929,0.5876124933827422,0.608015248231499
gas,19,0.02,0.5,0.473,0.4653888888888889,0.5132824566663773,0.749602964531498,0.8686628690025929,0.5876124933827422,0.608015248231499
gas,19,0.08,0.05,0.29233333333333333,0.2833888888888889,0.3247046658377991,0.46056114346214927,0.5557302774860468,0.29857067231339335,0.31793299978406675
gas,19,0.08,0.18,0.25733333333333336,0.24838888888888888,0.2903142556322988,0.40497617787188983,0.4980095938565933,0.24298570672313394,0.26124081023475243
gas,19,0.08,0.5,0.22866666666666666,0.2186944444444444,0.25882916134023437,0.3562731604023293,0.4457413293243781,0.21810481736368448,0.23573850083439485
gas,19,0.18,0.05,0.24033333333333334,0.2303888888888889,0.2725301409507458,0.3763896241397564,0.46901188128962584,0.21439915299100054,0.2319328526203566
gas,19,0.18,0.18,0.19366666666666665,0.18372222222222223,0.2260113458884612,0.3022763366860773,0.38725127891108363,0.14028586553732134,0.15532505808840863
gas,19,0.18,0.5,0.155,0.14769444444444443,0.18781711194228098,0.24351508734780306,0.31630426187752536,0.10534674430915829,0.11877794200115699
gas,19,0.35,0.05,0.17266666666666666,0.1761111111111111,0.21764157659800243,0.2895712016940179,0.3696011906265896,0.13710958178930652,0.15201671291369495
gas,19,0.35,0.18,0.11366666666666667,0.11336111111111111,0.15240345659581478,0.18898888300688194,0.25634639360337996,0.05082053996823716,0.060741620444948546
gas,19,0.35,0.5,0.064,0.059638888888888894,0.09065098014347953,0.10058231868713605,0.15149666305065407,0.010058231868713605,0.015149666305065408
gas,19,0.7,0.05,0.15966666666666668,0.16355555555555557,0.20344380655303773,0.2683959767072525,0.34597402353524026,0.13499205929062996,0.1498095571458371
gas,19,0.7,0.18,0.09333333333333334,0.09138888888888888,0.12713687044703928,0.15193223928004235,0.21373999945507782,0.047114875595553204,0.056723914239821815
gas,19,0.7,0.5,0.024666666666666667,0.018833333333333334,0.039793310166599094,0.03176283748014822,0.06549172833080705,0.0031762837480148226,0.006549172833080706
