dataset,setting,method,n_runs,acc,acc_ci,fidelity_risk,fidelity_risk_ci,violation_rate,violation_rate_ci,cost_scalar,cost_scalar_ci,esc_cloud,esc_cloud_ci,energy_mJ,energy_mJ_ci,latency_ms,latency_ms_ci,usd,usd_ci
gas,iid,device_only,20,0.9641153846153847,0.003091365719892573,0.033884615384615326,0.002799559058744,0.07692307692307693,0.06397564809644472,7.841053839511644e-05,6.507552871283755e-21,0.0,0.0,3.6000000000000007e-06,4.0672205445523467e-22,0.012000000000000002,8.329667675243206e-19,0.0,0.0
gas,iid,cloud_only,20,0.9904999999999999,0.0014676102915456384,0.0,0.0,0.0,0.0,1.0,0.0,1.0,0.0,0.07704052799999991,6.663734140194565e-18,43.599729919999994,3.4118318797796172e-15,0.0002,0.0
gas,iid,fixed_conf,20,0.9641153846153847,0.003091365719892573,0.033884615384615326,0.002799559058744,0.07692307692307693,0.06397564809644472,7.841053839511644e-05,6.507552871283755e-21,0.0,0.0,3.6000000000000007e-06,4.0672205445523467e-22,0.012000000000000002,8.329667675243206e-19,0.0,0.0
gas,iid,entropy,20,0.9641153846153847,0.003091365719892573,0.033884615384615326,0.002799559058744,0.07692307692307693,0.06397564809644472,7.841053839511644e-05,6.507552871283755e-21,0.0,0.0,3.6000000000000007e-06,4.0672205445523467e-22,0.012000000000000002,8.329667675243206e-19,0.0,0.0
gas,iid,learned_router,20,0.9641153846153847,0.003091365719892573,0.033884615384615326,0.002799559058744,0.07692307692307693,0.06397564809644472,7.841053839511644e-05,6.507552871283755e-21,0.0,0.0,3.6000000000000007e-06,4.0672205445523467e-22,0.012000000000000002,8.329667675243206e-19,0.0,0.0
gas,iid,cost_static,20,0.9641153846153847,0.003091365719892573,0.033884615384615326,0.002799559058744,0.07692307692307693,0.06397564809644472,7.841053839511644e-05,6.507552871283755e-21,0.0,0.0,3.6000000000000007e-06,4.0672205445523467e-22,0.012000000000000002,8.329667675243206e-19,0.0,0.0
gas,iid,offline_crc,20,0.9641153846153847,0.003091365719892573,0.033884615384615326,0.002799559058744,0.07692307692307693,0.06397564809644472,7.841053839511644e-05,6.507552871283755e-21,0.0,0.0,3.6000000000000007e-06,4.0672205445523467e-22,0.012000000000000002,8.329667675243206e-19,0.0,0.0
gas,iid,online_naive,20,0.9699615384615384,0.0023933933234966923,0.027215384615384565,0.0020861555396723464,0.042307692307692296,0.04125478650139384,0.24218233404507528,0.0030853105786505836,0.15418461538461534,0.0005705920113412349,0.018906966480738405,0.0004171462955641109,10.433873720595694,0.07264436145789813,4.7741538461538476e-05,3.300184494331775e-07
gas,iid,online_ipw,20,0.9885076923076923,0.0014159879212622432,0.006699999999999956,0.001439186677236258,0.0,0.0,0.5458011281182146,0.045416465933155195,0.2854923076923076,0.02846332209055559,0.05596855676750765,0.005464745813509493,16.494476657801847,1.1888376913560155,7.126461538461539e-05,5.191463921152218e-06
gas,iid,codec,20,0.9733692307692305,0.0021016625215977826,0.023769230769230723,0.0018153007946457485,0.019230769230769225,0.02578940822839914,0.2521712863045081,0.0081334258788772,0.156476923076923,0.002718365363069759,0.020268179336861487,0.0010867042676905533,10.558791121979077,0.12707473889347454,4.812923076923078e-05,4.746883874803198e-07
gas,iid,codec_no_explore,20,0.9711153846153848,0.0011424923538547894,0.02592307692307687,0.0010812957045140648,0.0,0.0,0.1601928660940569,0.0051363129948890215,0.1538461538461538,0.0,0.0128008312615384,0.0007731797131923279,6.749339864615385,0.025790694809787483,3.076923076923079e-05,3.2537764356418774e-21
gas,iid,codec_no_aci,20,0.9777307692307693,0.001780451213514523,0.01933846153846149,0.0018838411472253127,0.003846153846153845,0.008050092516955033,0.2741577595101959,0.012591349655758857,0.16719999999999996,0.007401168690422727,0.02286958205243072,0.0015461476893350783,11.040915988361846,0.3117294671945261,5.005692307692308e-05,1.3505441652122491e-06
gas,iid,codec_bonferroni,20,0.9820692307692307,0.0013558159124763649,0.014846153846153792,0.0013964678950188754,0.0,0.0,0.30015617683999174,0.011576809281293959,0.1787307692307692,0.012843295260795537,0.026090172852184557,0.0013103143433929488,11.535175772376615,0.48652365757641164,5.1943076923076945e-05,2.305521288401347e-06
gas,iid,codec_rawconf,20,0.9743230769230768,0.0021787943059569633,0.022669230769230723,0.0020914297244101518,0.023076923076923068,0.02884821753655778,0.2679169015356588,0.013513149915032453,0.15915384615384612,0.008026687804063235,0.02242021011692303,0.0019124795447675682,10.75236769851077,0.3091917473546161,4.872307692307694e-05,1.4450870222005984e-06
gas,iid,codec_two_tier,20,0.9725615384615386,0.0023421582918651132,0.02412307692307687,0.0021257635967288366,0.0346153846153846,0.0359537071014878,0.2517202160832094,0.005825642148793462,0.16899999999999993,0.006241763596016151,0.01939083181883071,0.00044882476736201726,10.98135516971323,0.253946428668373,5.03323076923077e-05,1.165219795270188e-06
gas,shift,device_only,20,0.5516750000000001,0.006714899473080986,0.43847500000000006,0.014273667090573232,1.0,0.0,7.841053839511643e-05,6.507552871283755e-21,0.0,0.0,3.6000000000000015e-06,4.0672205445523467e-22,0.012000000000000002,8.329667675243206e-19,0.0,0.0
gas,shift,cloud_only,20,0.6544500000000001,0.005686803300165481,0.0,0.0,0.0,0.0,1.0,0.0,1.0,0.0,0.07704052799999991,6.663734140194565e-18,43.599729919999994,3.4118318797796172e-15,0.0002,0.0
gas,shift,fixed_conf,20,0.5516750000000001,0.006714899473080986,0.43847500000000006,0.014273667090573232,1.0,0.0,7.841053839511643e-05,6.507552871283755e-21,0.0,0.0,3.6000000000000015e-06,4.0672205445523467e-22,0.012000000000000002,8.329667675243206e-19,0.0,0.0
gas,shift,entropy,20,0.5516750000000001,0.006714899473080986,0.43847500000000006,0.014273667090573232,1.0,0.0,7.841053839511643e-05,6.507552871283755e-21,0.0,0.0,3.6000000000000015e-06,4.0672205445523467e-22,0.012000000000000002,8.329667675243206e-19,0.0,0.0
gas,shift,learned_router,20,0.5516750000000001,0.006714899473080986,0.43847500000000006,0.014273667090573232,1.0,0.0,7.841053839511643e-05,6.507552871283755e-21,0.0,0.0,3.6000000000000015e-06,4.0672205445523467e-22,0.012000000000000002,8.329667675243206e-19,0.0,0.0
gas,shift,cost_static,20,0.5516750000000001,0.006714899473080986,0.43847500000000006,0.014273667090573232,1.0,0.0,7.841053839511643e-05,6.507552871283755e-21,0.0,0.0,3.6000000000000015e-06,4.0672205445523467e-22,0.012000000000000002,8.329667675243206e-19,0.0,0.0
gas,shift,offline_crc,20,0.55915,0.00894813681732651,0.431175,0.009915441679290662,1.0,0.0,0.06682298818646813,0.020679369293389042,0.0,0.0,0.010050797952000002,0.003112907806664181,0.347140992,0.10383621536214532,0.0,0.0
gas,shift,online_naive,20,0.64851,0.006855949077079193,0.03410999999999999,0.004096013427951654,0.2799999999999999,0.03344015550817624,0.860187340083596,0.009226248634677591,0.7792950000000001,0.018888892720609795,0.07058913090047993,0.000593748379689742,35.23773580113921,0.6918720594083881,0.00016027700000000004,3.369234687037711e-06
gas,shift,online_ipw,20,0.6498350000000002,0.006585096100252995,0.022139999999999986,0.0018879030562190282,0.1375,0.023858106647144744,0.90478029368655,0.006913230397833975,0.8248800000000001,0.015407913575765816,0.07432976678783991,0.00026118906729964974,37.021485360153605,0.5698314892408908,0.00016836599999999502,2.780416248631326e-06
gas,shift,codec,20,0.6490750000000001,0.0070351745680717155,0.026034999999999985,0.002980409432778797,0.1875,0.03468811221886022,0.8855894476817834,0.008030277260186094,0.808025,0.01614496456749924,0.07255199718527991,0.00048552378609632195,36.341992208563205,0.5974518577496883,0.00016534200000000002,2.90551339382234e-06
gas,shift,codec_no_explore,20,0.6480749999999998,0.005842872027660741,0.023074999999999995,0.004081379252346363,0.18749999999999994,0.06869783964461841,0.8762171258115037,0.009448007863660797,0.8029000000000002,0.01972972096538468,0.07289080014719992,0.0020037787420204276,35.376654128768,0.7636478211808698,0.00016058,3.9459441930769295e-06
gas,shift,codec_no_aci,20,0.6504000000000001,0.006252043354779057,0.01842999999999999,0.0018560458709749323,0.1,0.024008632472541036,0.9097083070536561,0.006067338396891252,0.8337399999999999,0.013250358823871758,0.07442199821375992,0.00045668870577963923,37.3871613230464,0.49569323852058805,0.000170134,2.4315690743491304e-06
gas,shift,codec_bonferroni,20,0.65307,0.004882605074801128,0.02757,0.0016502228348907126,0.18000000000000002,0.028810358967049244,0.8062173674976068,0.005294740305790731,0.74343,0.01029790784338317,0.0648351247814399,0.0003764324531784713,33.7227646381696,0.37543580247458563,0.000153826,1.8241937799956563e-06
gas,shift,codec_rawconf,20,0.6544500000000001,0.005686803300165481,0.0,0.0,0.0,0.0,1.0,0.0,1.0,0.0,0.07704052799999991,6.663734140194565e-18,43.599729919999994,3.4118318797796172e-15,0.0002,0.0
gas,shift,codec_two_tier,20,0.6577550000000001,0.0037240004900677805,0.02843,0.0027182649600253064,0.15500000000000003,0.018441380522859877,0.7980508361843869,0.006203044558121192,0.7758949999999999,0.006912376321714938,0.061481764836479914,0.0004779009694770935,34.796534046707194,0.2703978329207728,0.000159607,1.2407061960650653e-06
har,iid,device_only,20,0.86865,0.0021510180509025944,0.13129999999999997,0.0013858617865529098,1.0,0.0,4.2704397499077656e-05,0.0,0.0,0.0,4.0320000000000005e-06,4.0672205445523467e-22,0.013440000000000002,8.329667675243206e-19,0.0,0.0
har,iid,cloud_only,20,0.9705000000000004,0.0016417411152951258,0.0,0.0,0.0,0.0,1.0,0.0,1.0,0.0,0.6918904319999998,5.330987312155652e-17,67.55357312000001,0.0,0.0002,0.0
har,iid,fixed_conf,20,0.9683499999999998,0.0015295967391325937,0.03539999999999997,0.0017458750020461784,0.05,0.02400863247254104,0.5678137248941949,5.330987312155652e-17,0.0,0.0,0.6912512640000001,0.0,23.061312000000004,1.7059159398898086e-15,0.0,0.0
har,iid,entropy,20,0.9501500000000002,0.0023488002341987483,0.04099999999999997,0.004527394089832157,0.22499999999999995,0.11944143846144188,0.19925310540462182,0.02691450761308765,0.13185000000000002,0.059038877271201676,0.17324573791679998,0.003976488384213666,11.653236564672003,2.6794769598324244,2.6369999999999997e-05,1.180777545424034e-05
har,iid,learned_router,20,0.9597999999999999,0.006926480065966503,0.03874999999999998,0.003192606524816833,0.1,0.058808898979740405,0.473068954122459,0.07879765548032167,0.0472,0.039255457671978494,0.55109649408,0.11656439911272128,20.487238283264002,2.1408144455907294,9.44e-06,7.851091534395697e-06
har,iid,cost_static,20,0.9520000000000002,0.0038191086417817465,0.04364999999999998,0.003432058994608582,0.32500000000000007,0.10396042815672268,0.1661361210399563,0.012112458365288077,0.023299999999999977,0.011021505235352164,0.18997366396799995,0.01770088290210525,7.383664909696003,0.4726965786333954,4.6599999999999994e-06,2.204301047070432e-06
har,iid,offline_crc,20,0.9575499999999998,0.003406434933296162,0.03164999999999998,0.0027427695433108012,0.025,0.020792085631344537,0.1955615533328739,0.011447883390280512,0.050199999999999925,0.0035990533676100735,0.21166145831039995,0.015592618098751978,9.303057521024002,0.3845988147985769,1.004e-05,7.198106735220105e-07
har,iid,online_naive,20,0.9686499999999997,0.0015718230000825468,0.01832999999999999,0.0023932211411905077,0.0,0.0,0.6034753132666809,0.03359723815061894,0.27676999999999996,0.017014578212939006,0.5517657355795199,0.03994919851168175,33.88774822767361,1.503169676436869,6.960600000000002e-05,2.9881481552614457e-06
har,iid,online_ipw,20,0.9724700000000001,0.0017388018983214072,0.00435,0.0006095545452555664,0.0,0.0,0.7237503085432844,0.004000708811495021,0.43071000000000004,0.0223405396455385,0.62453306173056,0.012242095436579975,42.547481730944,0.5472258464999368,9.764000000000001e-05,4.0389753163226895e-06
har,iid,codec,20,0.9651700000000002,0.0015975467445494417,0.020269999999999965,0.0022722417163783992,0.015000000000000003,0.022902775687968748,0.5615639777043482,0.03665760870457448,0.27397999999999995,0.017222873930174232,0.5016699173491199,0.043332810837298036,32.1387176416512,1.6423565400796474,6.925200000000001e-05,3.10018204717467e-06
har,iid,codec_no_explore,20,0.9647499999999999,0.0025238771565411684,0.02024999999999997,0.002433651228328745,0.0,0.0,0.4583726873539845,0.05949517700184438,0.27074999999999994,0.0389479739669039,0.4157203602528,0.07645783353729889,25.914947951040006,2.5741812776992616,5.415000000000002e-05,7.789594793380785e-06
har,iid,codec_no_aci,20,0.9696299999999999,0.001561343965138157,0.014929999999999985,0.002160088565419769,0.0,0.0,0.6515820001276371,0.03356614813748256,0.29506999999999994,0.018544843994615638,0.60111126792576,0.039236915157972875,36.3135140349696,1.5624948698860137,7.311600000000001e-05,3.4745069947804944e-06
har,iid,codec_bonferroni,20,0.96616,0.001606563255029986,0.014189999999999986,0.0011830093774928521,0.0,0.0,0.503877553334126,0.01342433768083458,0.29424999999999996,0.014408344273923046,0.42177349162944006,0.012521902465552449,30.292596320447995,0.8470471571490843,7.293000000000002e-05,2.782171049416998e-06
har,iid,codec_rawconf,20,0.96883,0.0024531653643761627,0.019749999999999983,0.0033653046668403433,0.05,0.044269730887879555,0.7563951491398123,0.04289445738255251,0.41196,0.06975860994632685,0.67406284953984,0.031679113670866,43.370876815129606,3.2776381308351845,9.3916e-05,1.2609919476524297e-05
har,iid,codec_two_tier,20,0.9590599999999998,0.0015966300184137314,0.018339999999999988,0.0019110871448142664,0.005,0.010465120272041545,0.5168306343378276,0.013275159608315773,0.46340999999999993,0.014683754205369345,0.35757784238400003,0.009185294643296593,34.9188561977472,0.8966443377911102,0.00010336199999999999,2.6551453080438037e-06
har,shift,device_only,20,0.8503846153846153,0.0034055642240853764,0.13734615384615387,0.0035298386287675376,1.0,0.0,4.270439749907766e-05,0.0,0.0,0.0,4.032e-06,4.0672205445523467e-22,0.013440000000000002,8.329667675243206e-19,0.0,0.0
har,shift,cloud_only,20,0.9121923076923079,0.0022475857093329646,0.0,0.0,0.0,0.0,1.0,0.0,1.0,0.0,0.6918904319999998,5.330987312155652e-17,67.55357312000001,0.0,0.0002,0.0
har,shift,fixed_conf,20,0.9011153846153845,0.0028175323809342587,0.06407692307692303,0.0015934089541356684,0.7115384615384615,0.030626009861908186,0.3630402206863985,0.0984303896115477,0.07911538461538459,0.03825680903321232,0.4003665066461538,0.13970988602230425,16.88083960876308,2.983343340482713,1.5823076923076925e-05,7.651361806642462e-06
har,shift,entropy,20,0.9048076923076923,0.0026462393465682544,0.05426923076923072,0.006391244091998167,0.5384615384615383,0.13571284379940093,0.19738779789705704,0.027822482982021092,0.14269230769230762,0.05385023267603058,0.165276738372923,0.006214199211286394,11.869698365046153,2.5780797918230745,2.853846153846154e-05,1.0770046535206114e-05
har,shift,learned_router,20,0.9017692307692309,0.0023305056253957175,0.06376923076923072,0.0009890395180664289,0.7115384615384615,0.030626009861908186,0.4671768980576008,0.08369798085012989,0.0413076923076923,0.03435492302779082,0.5470196865230769,0.11995501238576355,20.089271037341547,2.471797207818336,8.26153846153846e-06,6.870984605558162e-06
har,shift,cost_static,20,0.9010769230769231,0.001864463040106548,0.064576923076923,0.003715502003547115,0.75,0.0659445886422468,0.16481538437385646,0.014732469096769018,0.05049999999999997,0.017259864329002724,0.17407109385599995,0.023340902174797288,8.063044190867695,0.5772860411847609,1.0099999999999998e-05,3.451972865800547e-06
har,shift,offline_crc,20,0.9064230769230768,0.002210865481847203,0.05023076923076917,0.004819451643353087,0.48076923076923056,0.10568898406864373,0.20952887429717193,0.011725782817462164,0.07392307692307686,0.02163130727909277,0.2161989734252307,0.005639110249026024,10.509337124332312,1.0399014577202417,1.4784615384615381e-05,4.3262614558185515e-06
har,shift,online_naive,20,0.9144153846153849,0.0025249019759713484,0.012653846153846102,0.0015635688532196592,0.03846153846153845,0.018468178825031566,0.6975233239398791,0.006166561588363038,0.40828461538461547,0.015012896501626875,0.6038569304802462,0.009519219338452399,40.905726494306464,0.49501729732596766,9.335692307690925e-05,2.8358345084637525e-06
har,shift,online_ipw,20,0.9134846153846153,0.0019361522888977378,0.007076923076923031,0.0006082735181332104,0.0,0.0,0.7358020041746285,0.005069421286510927,0.45092307692307687,0.018312389034318827,0.6298834868617844,0.01170295720360689,43.514724211081855,0.42372474277269623,0.00010118769230766384,3.1970534008224442e-06
har,shift,codec,20,0.9149692307692308,0.0026310615629941466,0.015438461538461495,0.0014903763099240752,0.05384615384615382,0.031123128163504026,0.691526749482047,0.007321836975846618,0.38918461538461535,0.01597771542518965,0.605223566302523,0.009013984447855413,40.21786488666585,0.5782239589214789,9.005846153845463e-05,2.883243277013003e-06
har,shift,codec_no_explore,20,0.915653846153846,0.0024132617382104284,0.0121153846153846,0.004102222786103083,0.019230769230769225,0.015993912024111177,0.628485763484498,0.020460877109920957,0.44173076923076904,0.05842734919388972,0.5329721237243076,0.05157889099556391,37.42808547520002,1.1372769300788652,8.834615384613269e-05,1.1685469838767981e-05
har,shift,codec_no_aci,20,0.9133230769230769,0.002306603820226685,0.011176923076923034,0.0016930032464712102,0.046153846153846136,0.02714256875988018,0.7087879688660357,0.004663031984362673,0.42115384615384616,0.02792218120058763,0.6111759774631385,0.011459080859497628,41.69093865655138,0.8000344635346519,9.579076923074695e-05,5.081496982075873e-06
har,shift,codec_bonferroni,20,0.9124692307692307,0.001598192275903889,0.015584615384615322,0.001215447520132556,0.02692307692307691,0.017617519759975952,0.5571280827898377,0.013282282886297441,0.3450615384615384,0.01787956117846693,0.4628645773100307,0.012805272109801426,33.671563167832616,0.8771216616261154,8.196461538461348e-05,3.2265054111755516e-06
har,shift,codec_rawconf,20,0.9121153846153847,0.00223699889844079,0.013446153846153797,0.0020654525850692064,0.11538461538461538,0.021851843875487525,0.8939107187227142,0.022497988547054436,0.7566538461538461,0.04696872828064812,0.6775430041979076,0.012998727033720306,57.35966064266834,1.9965917215147326,0.00015630615384611498,8.48788751683109e-06
har,shift,codec_two_tier,20,0.9095692307692307,0.002467127505315797,0.021438461538461486,0.0017872426791897792,0.06538461538461536,0.026826579309132133,0.5285662869986024,0.017630413768629095,0.4760538461538462,0.01992569497473082,0.3656979276184615,0.012198764453773436,35.71151759083323,1.1908113457749443,0.0001057092307692004,3.5262333393874686e-06
rtiot,iid,device_only,4,0.8538666666666668,0.0011024317386222277,0.1402333333333333,0.008513222870471727,1.0,0.0,6.517400479534896e-05,0.0,0.0,0.0,2.664e-06,0.0,0.0088799999999999,0.0,0.0,0.0
rtiot,iid,cloud_only,4,0.9838999999999999,0.0004287234539090124,0.0,0.0,0.0,0.0,1.0,0.0,1.0,0.0,0.05661348,0.0,42.64511167999999,0.0,0.0001999999999999,0.0
rtiot,iid,fixed_conf,4,0.9479000000000001,0.003123556592762996,0.0478,0.008084499416563149,0.36666666666666664,0.42872345390865174,0.11816907837692,0.0007143347957172045,0.0,0.0,0.0131423379456,7.94734632493384e-05,0.44741765759999985,0.0026524331242173084,0.0,0.0
rtiot,iid,entropy,4,0.9568666666666665,0.012739211201857205,0.0390333333333333,0.007410791131849487,0.11666666666666664,0.030623103850617943,0.3106985575236927,0.360987536113982,0.0,0.0,0.03456224437759995,0.04016174188465474,1.1623087295999999,1.3404013131642516,0.0,0.0
rtiot,iid,learned_router,4,0.9480666666666667,0.006737082847136028,0.044,0.011759271878637302,0.29999999999999993,0.42872345390865174,0.11228135067103061,0.005809672671217988,0.021699999999999997,0.00422598833138528,0.01130167173119995,0.00041546041418159607,1.2701917314559998,0.18606169971892264,4.340000000000001e-06,8.451976662770559e-07
rtiot,iid,cost_static,4,0.9519,0.0056958973162149285,0.04189999999999995,0.008758207701276707,0.14999999999999997,0.21436172695432582,0.12046331890293294,0.00028778766862026046,0.022833333333333303,0.002756079346555617,0.0121500361856,0.00018260216003226906,1.3446857156266665,0.10620716597545661,4.566666666666667e-06,5.512158693111246e-07
rtiot,iid,offline_crc,4,0.9535333333333333,0.006369605600928551,0.0361333333333333,0.008819453908977974,0.01666666666666665,0.030623103850617943,0.1261473316615342,0.0007988428633709077,0.0343666666666666,0.0049609428238001135,0.01215226387199995,0.00018217628624200377,1.8147069668693332,0.1960626015587265,6.873333333333334e-06,9.921885647600224e-07
rtiot,iid,online_naive,4,0.9737833333333333,0.0052538930420059134,0.015433333333333275,0.00670778801123044,0.0,0.0,0.5006490185674127,0.03208715968902772,0.2502499999999999,0.06163136070980258,0.03795454330239995,0.0008085372588857888,14.506026317696005,2.337480305943482,6.494000000000001e-05,1.1410212875963875e-05
rtiot,iid,online_ipw,4,0.9820333333333333,0.000958654786488333,0.00384999999999995,0.001737439518810875,0.0,0.0,0.6129437151992739,0.0151123413980839,0.31121666666666664,0.03702021692242131,0.047459261273599944,0.0033196683553133044,17.052099246592,1.1383882633006819,7.588000000000003e-05,6.125184209317449e-06
rtiot,iid,codec,4,0.9603333333333333,0.0022867073606277506,0.03014999999999995,0.0024823610072163037,0.09999999999999998,0.12992282636251112,0.33338060527715097,0.03672412022604336,0.14144999999999996,0.02173703324471217,0.02468128892799995,0.0033845404527699206,10.083422243882666,0.7412211967091582,4.540666666666669e-05,3.200991899015285e-06
rtiot,iid,codec_no_explore,4,0.9794,0.005879635939318718,0.005566666666666599,0.007533283547252022,0.0,0.0,0.46423492023176943,0.1419594567821144,0.46419999999999995,0.14196870945146498,0.026281404787199945,0.00803696448851425,19.800618745856003,6.053010787483271,9.283999999998336e-05,2.839374189026233e-05
rtiot,iid,codec_no_aci,4,0.9775499999999999,0.006517687212301657,0.009849999999999949,0.0070069382325614596,0.0,0.0,0.5444673964742602,0.07085548737860536,0.3082666666666666,0.06146751912186871,0.039902836569599975,0.005383610819086216,16.753723220821332,2.4680308019140975,7.565333333333334e-05,1.1488848285988715e-05
rtiot,iid,codec_bonferroni,4,0.9694499999999999,0.0018904651753677405,0.01881666666666665,0.0012711354944753223,0.0,0.0,0.34026288670102856,0.009295526778162314,0.13184999999999994,0.01288192084977508,0.025877701311999998,0.0012360429734712783,9.802131670272002,0.32852413449023204,4.382999999999999e-05,1.722434580989976e-06
rtiot,iid,codec_rawconf,4,0.9617000000000001,0.003294226220505632,0.027899999999999973,0.0030407986559347782,0.06666666666666662,0.08661521757500736,0.3846788765845158,0.08759354887596546,0.20113333333333328,0.05334309123239142,0.02736523365119995,0.012090224019542607,12.427657658709332,1.517025963804464,5.647333333333334e-05,9.277852415947414e-06
rtiot,iid,codec_two_tier,4,0.9608833333333333,0.000905843627931964,0.026783333333333298,0.0011172187992744206,0.0,0.0,0.3707743451620843,0.021753145481039647,0.3021166666666667,0.02422213956074675,0.020990180518399997,0.0012315435808756064,15.815552291498665,0.9275326015125654,7.414666666666667e-05,4.350912662610656e-06
rtiot,priorshift,device_only,4,0.8069999999999999,0.0033685414235678107,0.1863333333333333,0.01102431738622248,1.0,0.0,6.517400479534898e-05,0.0,0.0,0.0,2.664e-06,0.0,0.0088799999999999,0.0,0.0,0.0
rtiot,priorshift,cloud_only,4,0.9761666666666666,0.0030623103850616644,0.0,0.0,0.0,0.0,1.0,0.0,1.0,0.0,0.05661348,0.0,42.64511168000001,0.0,0.0002,0.0
rtiot,priorshift,fixed_conf,4,0.933,0.003674772462074161,0.059583333333333294,0.010258739789956957,0.625,0.22967327887963482,0.15752014312263435,0.003726964151568318,0.0,0.0,0.017520348672000002,0.00041464415608350483,0.5935341119999998,0.013838781517655505,0.0,0.0
rtiot,priorshift,entropy,4,0.9458333333333334,0.017455169194852262,0.04624999999999995,0.011789894982487892,0.33333333333333337,0.15311551925308992,0.3310333216513105,0.3236247204945103,0.0,0.0,0.03682459270399995,0.0360049342199176,1.2378147839999998,1.2016675284497549,0.0,0.0
rtiot,priorshift,learned_router,4,0.9307500000000001,0.005359043173858168,0.057416666666666595,0.010564970828463197,0.5416666666666666,0.22967327887963476,0.1482153566735323,0.00949909738493474,0.024249999999999952,0.009033815635932274,0.015160192192,0.0005632421942541255,1.5028746022399997,0.3868977040977232,4.85e-06,1.8067631271864599e-06
rtiot,priorshift,cost_static,4,0.9359999999999999,0.004899696616098948,0.0539166666666666,0.008727584597426124,0.5,0.15311551925308992,0.1599567144884937,0.0030587432334762427,0.027666666666666652,0.0021436172695432293,0.016279802464,0.00045742221171268864,1.679460057813333,0.07207913000243424,5.5333333333333334e-06,4.287234539086525e-07
rtiot,priorshift,offline_crc,4,0.9371666666666667,0.007043313885641767,0.04841666666666665,0.009033815635932278,0.375,0.07655775962654497,0.16504932707567974,0.0018513759757083238,0.038,0.004593465577592701,0.016281798368,0.00045694901861229617,2.10057736384,0.17191850287273505,7.6e-06,9.186931155185398e-07
rtiot,priorshift,online_naive,4,0.9683333333333334,0.0031304541866488656,0.012124999999999976,0.00503363630854592,0.04166666666666665,0.07655775962654492,0.6363193537930293,0.016185672320638146,0.304375,0.01692930793760611,0.05027983718399995,0.0012464864538445474,16.98223015488,0.89352370705367,7.507500000000001e-05,4.362556454612231e-06
rtiot,priorshift,online_ipw,4,0.9740416666666666,0.0022646090698300618,0.004374999999999975,0.0025287249355966184,0.0,0.0,0.6874078260471497,0.029027176926561312,0.4116666666666666,0.09446197612399174,0.0507777206719999,0.006115845858842685,20.866401401173334,3.4900917645097884,9.405833333330833e-05,1.797465985992923e-05
rtiot,priorshift,codec,4,0.9657916666666666,0.010356258790692678,0.015583333333333301,0.011426357831482561,0.10416666666666666,0.1989028940802317,0.5736260289270251,0.09940628936617871,0.271875,0.05921172331758276,0.045073755855999945,0.008912298682328982,15.489297794240002,2.352121611911375,6.860000000000001e-05,1.0506268797946272e-05
rtiot,priorshift,codec_no_explore,4,0.970333333333333,0.008880700116679562,0.01025,0.016077129521574435,0.04166666666666665,0.07655775962654492,0.6185228550725583,0.03406396462123787,0.3195,0.24100382730436357,0.0513527341119999,0.009377965759729847,14.74130842176,9.50715433453738,6.390000000000002e-05,4.8200765460872706e-05
rtiot,priorshift,codec_no_aci,4,0.9683749999999999,0.002725069125416449,0.012291666666666626,0.0037777977065020975,0.04166666666666665,0.07655775962654492,0.6317973521939845,0.035986913081877146,0.3255416666666666,0.06035641113396803,0.048966290112,0.003609414101578512,17.542801895466667,2.3083311957501276,7.804166666666668e-05,1.1494999105817703e-05
rtiot,priorshift,codec_bonferroni,4,0.969625,0.003272340515801855,0.010708333333333299,0.0051213650769775425,0.0,0.0,0.48684521599650554,0.03522831663339005,0.24387499999999993,0.028628405444990804,0.036782590703999946,0.0035944117920391795,14.195606255893335,0.9485916357810408,6.360833333333335e-05,4.560555443999624e-06
rtiot,priorshift,codec_rawconf,4,0.9671666666666666,0.0015157663075626789,0.0160833333333333,0.0016561975672089284,0.020833333333333325,0.06630096469341054,0.6808715209512736,0.05671818455064178,0.318375,0.06290509374396396,0.0547151682719999,0.003280809629409508,17.51905245749333,2.369521828626674,7.698333333333337e-05,1.109338579855018e-05
rtiot,priorshift,codec_two_tier,4,0.9615416666666665,0.0017641539294653375,0.0183333333333333,0.00250660907986999,0.020833333333333325,0.06630096469341054,0.5614869148500197,0.009594172707668753,0.5126250000000001,0.015478116054629783,0.0317872784,0.0005431693463476435,23.947347578666665,0.4090860321171182,0.000112291666666625,1.9189596078480853e-06
